No.,date,Winning_number
1,1994/10/7,191
2,1994/10/14,988
3,1994/10/21,194
4,1994/10/28,105
5,1994/11/4,592
6,1994/11/11,792
7,1994/11/18,708
8,1994/11/25,234
9,1994/12/2,243
10,1994/12/9,340
11,1994/12/16,326
12,1994/12/23,247
13,1994/12/30,229
14,1995/1/6,743
15,1995/1/10,19
16,1995/1/13,179
17,1995/1/17,475
18,1995/1/20,291
19,1995/1/24,852
20,1995/1/27,502
21,1995/1/31,558
22,1995/2/3,951
23,1995/2/7,912
24,1995/2/10,39
25,1995/2/14,458
26,1995/2/17,984
27,1995/2/21,917
28,1995/2/24,789
29,1995/2/28,589
30,1995/3/3,725
31,1995/3/7,73
32,1995/3/10,547
33,1995/3/14,63
34,1995/3/17,634
35,1995/3/21,333
36,1995/3/24,405
37,1995/3/28,168
38,1995/3/31,389
39,1995/4/4,587
40,1995/4/7,304
41,1995/4/11,48
42,1995/4/14,228
43,1995/4/18,922
44,1995/4/21,697
45,1995/4/25,970
46,1995/4/28,298
47,1995/5/2,989
48,1995/5/5,202
49,1995/5/9,476
50,1995/5/12,42
51,1995/5/16,802
52,1995/5/19,717
53,1995/5/23,889
54,1995/5/26,226
55,1995/5/30,728
56,1995/6/2,929
57,1995/6/6,836
58,1995/6/9,383
59,1995/6/13,410
60,1995/6/16,980
61,1995/6/20,542
62,1995/6/23,725
63,1995/6/27,251
64,1995/6/30,260
65,1995/7/4,588
66,1995/7/7,512
67,1995/7/11,512
68,1995/7/14,750
69,1995/7/18,902
70,1995/7/21,963
71,1995/7/25,661
72,1995/7/28,879
73,1995/8/1,452
74,1995/8/4,174
75,1995/8/8,283
76,1995/8/11,238
77,1995/8/15,972
78,1995/8/18,241
79,1995/8/22,310
80,1995/8/25,882
81,1995/8/29,269
82,1995/9/1,144
83,1995/9/5,174
84,1995/9/8,882
85,1995/9/12,307
86,1995/9/15,864
87,1995/9/19,370
88,1995/9/22,739
89,1995/9/26,697
90,1995/9/29,689
91,1995/10/3,168
92,1995/10/6,957
93,1995/10/10,910
94,1995/10/13,933
95,1995/10/17,306
96,1995/10/20,944
97,1995/10/24,988
98,1995/10/27,562
99,1995/10/31,571
100,1995/11/3,899
101,1995/11/7,945
102,1995/11/10,560
103,1995/11/14,824
104,1995/11/17,610
105,1995/11/21,619
106,1995/11/24,86
107,1995/11/28,82
108,1995/12/1,254
109,1995/12/5,191
110,1995/12/8,385
111,1995/12/12,56
112,1995/12/15,167
113,1995/12/19,744
114,1995/12/22,205
115,1995/12/26,770
116,1995/12/29,366
117,1996/1/5,952
118,1996/1/9,635
119,1996/1/12,952
120,1996/1/16,650
121,1996/1/19,439
122,1996/1/23,458
123,1996/1/26,513
124,1996/1/30,863
125,1996/2/2,409
126,1996/2/6,318
127,1996/2/9,217
128,1996/2/13,855
129,1996/2/16,620
130,1996/2/20,559
131,1996/2/23,820
132,1996/2/27,16
133,1996/3/1,926
134,1996/3/5,603
135,1996/3/8,454
136,1996/3/12,295
137,1996/3/15,819
138,1996/3/19,995
139,1996/3/22,356
140,1996/3/26,54
141,1996/3/29,783
142,1996/4/2,77
143,1996/4/5,694
144,1996/4/9,594
145,1996/4/12,125
146,1996/4/16,766
147,1996/4/19,464
148,1996/4/23,489
149,1996/4/26,3
150,1996/4/30,538
151,1996/5/3,332
152,1996/5/7,224
153,1996/5/10,750
154,1996/5/14,791
155,1996/5/17,126
156,1996/5/21,991
157,1996/5/24,570
158,1996/5/28,604
159,1996/5/31,259
160,1996/6/4,839
161,1996/6/7,284
162,1996/6/11,516
163,1996/6/14,648
164,1996/6/18,198
165,1996/6/21,563
166,1996/6/25,331
167,1996/6/28,233
168,1996/7/2,107
169,1996/7/5,351
170,1996/7/9,574
171,1996/7/12,679
172,1996/7/16,355
173,1996/7/19,581
174,1996/7/23,967
175,1996/7/26,683
176,1996/7/30,203
177,1996/8/2,845
178,1996/8/6,464
179,1996/8/9,168
180,1996/8/13,632
181,1996/8/16,890
182,1996/8/20,439
183,1996/8/23,589
184,1996/8/27,492
185,1996/8/30,882
186,1996/9/3,439
187,1996/9/6,975
188,1996/9/10,254
189,1996/9/13,199
190,1996/9/17,170
191,1996/9/20,424
192,1996/9/24,21
193,1996/9/27,656
194,1996/10/1,812
195,1996/10/4,819
196,1996/10/8,907
197,1996/10/11,728
198,1996/10/15,374
199,1996/10/18,269
200,1996/10/22,411
201,1996/10/25,176
202,1996/10/29,676
203,1996/11/1,93
204,1996/11/5,211
205,1996/11/8,531
206,1996/11/12,938
207,1996/11/15,413
208,1996/11/19,781
209,1996/11/22,920
210,1996/11/26,192
211,1996/11/29,22
212,1996/12/3,151
213,1996/12/6,502
214,1996/12/10,870
215,1996/12/13,215
216,1996/12/17,337
217,1996/12/20,712
218,1996/12/24,594
219,1996/12/27,260
220,1997/1/7,112
221,1997/1/10,514
222,1997/1/14,227
223,1997/1/17,333
224,1997/1/21,466
225,1997/1/24,751
226,1997/1/28,952
227,1997/1/31,188
228,1997/2/4,14
229,1997/2/7,409
230,1997/2/11,383
231,1997/2/14,523
232,1997/2/18,945
233,1997/2/21,65
234,1997/2/25,317
235,1997/2/28,582
236,1997/3/4,830
237,1997/3/7,648
238,1997/3/11,414
239,1997/3/14,741
240,1997/3/18,229
241,1997/3/21,400
242,1997/3/25,66
243,1997/3/28,608
244,1997/4/1,140
245,1997/4/4,827
246,1997/4/8,593
247,1997/4/11,537
248,1997/4/15,193
249,1997/4/18,624
250,1997/4/22,180
251,1997/4/25,227
252,1997/4/29,4
253,1997/5/2,616
254,1997/5/6,238
255,1997/5/9,770
256,1997/5/13,88
257,1997/5/16,935
258,1997/5/20,447
259,1997/5/23,216
260,1997/5/27,61
261,1997/5/30,596
262,1997/6/3,42
263,1997/6/6,839
264,1997/6/10,362
265,1997/6/13,928
266,1997/6/17,972
267,1997/6/20,93
268,1997/6/24,24
269,1997/6/27,782
270,1997/7/1,793
271,1997/7/4,823
272,1997/7/8,783
273,1997/7/11,526
274,1997/7/15,854
275,1997/7/18,806
276,1997/7/22,385
277,1997/7/25,632
278,1997/7/29,877
279,1997/8/1,891
280,1997/8/5,326
281,1997/8/8,907
282,1997/8/12,743
283,1997/8/15,940
284,1997/8/19,588
285,1997/8/22,760
286,1997/8/26,272
287,1997/8/29,925
288,1997/9/2,144
289,1997/9/5,838
290,1997/9/9,167
291,1997/9/12,85
292,1997/9/16,737
293,1997/9/19,663
294,1997/9/23,107
295,1997/9/26,75
296,1997/9/30,880
297,1997/10/3,144
298,1997/10/6,104
299,1997/10/8,155
300,1997/10/10,126
301,1997/10/13,330
302,1997/10/15,1
303,1997/10/17,497
304,1997/10/20,399
305,1997/10/22,367
306,1997/10/24,748
307,1997/10/27,690
308,1997/10/29,519
309,1997/10/31,777
310,1997/11/3,575
311,1997/11/5,104
312,1997/11/7,68
313,1997/11/10,69
314,1997/11/12,242
315,1997/11/14,137
316,1997/11/17,218
317,1997/11/19,190
318,1997/11/21,537
319,1997/11/24,395
320,1997/11/26,598
321,1997/11/28,429
322,1997/12/1,64
323,1997/12/3,375
324,1997/12/5,805
325,1997/12/8,531
326,1997/12/10,930
327,1997/12/12,980
328,1997/12/15,736
329,1997/12/17,543
330,1997/12/19,179
331,1997/12/22,196
332,1997/12/24,167
333,1997/12/26,238
334,1997/12/29,480
335,1998/1/5,950
336,1998/1/7,551
337,1998/1/9,632
338,1998/1/12,704
339,1998/1/14,152
340,1998/1/16,992
341,1998/1/19,259
342,1998/1/21,686
343,1998/1/23,997
344,1998/1/26,35
345,1998/1/28,513
346,1998/1/30,0
347,1998/2/2,718
348,1998/2/4,394
349,1998/2/6,431
350,1998/2/9,638
351,1998/2/11,417
352,1998/2/13,38
353,1998/2/16,996
354,1998/2/18,750
355,1998/2/20,487
356,1998/2/23,852
357,1998/2/25,756
358,1998/2/27,469
359,1998/3/2,277
360,1998/3/4,965
361,1998/3/6,965
362,1998/3/9,640
363,1998/3/11,458
364,1998/3/13,908
365,1998/3/16,887
366,1998/3/18,841
367,1998/3/20,778
368,1998/3/23,805
369,1998/3/25,135
370,1998/3/27,91
371,1998/3/30,798
372,1998/4/1,202
373,1998/4/3,417
374,1998/4/6,409
375,1998/4/8,994
376,1998/4/10,274
377,1998/4/13,155
378,1998/4/15,75
379,1998/4/17,649
380,1998/4/20,820
381,1998/4/22,885
382,1998/4/24,606
383,1998/4/27,81
384,1998/4/29,690
385,1998/5/1,332
386,1998/5/4,578
387,1998/5/6,396
388,1998/5/8,227
389,1998/5/11,275
390,1998/5/13,956
391,1998/5/15,66
392,1998/5/18,426
393,1998/5/20,29
394,1998/5/22,729
395,1998/5/25,440
396,1998/5/27,963
397,1998/5/29,345
398,1998/6/1,274
399,1998/6/3,816
400,1998/6/5,596
401,1998/6/8,354
402,1998/6/10,58
403,1998/6/12,431
404,1998/6/15,109
405,1998/6/17,891
406,1998/6/19,222
407,1998/6/22,42
408,1998/6/24,237
409,1998/6/26,400
410,1998/6/29,866
411,1998/7/1,636
412,1998/7/3,514
413,1998/7/6,910
414,1998/7/8,737
415,1998/7/10,834
416,1998/7/13,1
417,1998/7/15,371
418,1998/7/17,429
419,1998/7/20,723
420,1998/7/22,427
421,1998/7/24,402
422,1998/7/27,495
423,1998/7/29,367
424,1998/7/31,43
425,1998/8/3,535
426,1998/8/5,618
427,1998/8/7,159
428,1998/8/10,512
429,1998/8/12,641
430,1998/8/14,652
431,1998/8/17,219
432,1998/8/19,163
433,1998/8/21,255
434,1998/8/24,698
435,1998/8/26,161
436,1998/8/28,244
437,1998/8/31,727
438,1998/9/2,235
439,1998/9/4,605
440,1998/9/7,520
441,1998/9/9,196
442,1998/9/11,174
443,1998/9/14,198
444,1998/9/16,107
445,1998/9/18,87
446,1998/9/21,531
447,1998/9/23,453
448,1998/9/25,785
449,1998/9/28,48
450,1998/9/30,33
451,1998/10/2,423
452,1998/10/5,666
453,1998/10/7,102
454,1998/10/9,713
455,1998/10/12,612
456,1998/10/14,887
457,1998/10/16,189
458,1998/10/19,383
459,1998/10/21,620
460,1998/10/23,150
461,1998/10/26,190
462,1998/10/28,292
463,1998/10/30,994
464,1998/11/2,86
465,1998/11/4,95
466,1998/11/6,256
467,1998/11/9,882
468,1998/11/11,687
469,1998/11/13,949
470,1998/11/16,577
471,1998/11/18,301
472,1998/11/20,616
473,1998/11/23,407
474,1998/11/25,41
475,1998/11/27,583
476,1998/11/30,111
477,1998/12/2,498
478,1998/12/4,277
479,1998/12/7,962
480,1998/12/9,335
481,1998/12/11,550
482,1998/12/14,818
483,1998/12/16,75
484,1998/12/18,899
485,1998/12/21,485
486,1998/12/23,932
487,1998/12/25,856
488,1998/12/28,115
489,1998/12/30,618
490,1999/1/4,634
491,1999/1/6,995
492,1999/1/8,931
493,1999/1/11,385
494,1999/1/13,153
495,1999/1/15,827
496,1999/1/18,28
497,1999/1/20,595
498,1999/1/22,211
499,1999/1/25,12
500,1999/1/27,679
501,1999/1/29,640
502,1999/2/1,929
503,1999/2/3,782
504,1999/2/5,947
505,1999/2/8,480
506,1999/2/10,993
507,1999/2/12,172
508,1999/2/15,295
509,1999/2/17,831
510,1999/2/19,253
511,1999/2/22,914
512,1999/2/24,947
513,1999/2/26,900
514,1999/3/1,122
515,1999/3/3,286
516,1999/3/5,583
517,1999/3/8,287
518,1999/3/10,402
519,1999/3/12,658
520,1999/3/15,493
521,1999/3/17,535
522,1999/3/19,73
523,1999/3/22,532
524,1999/3/24,36
525,1999/3/26,919
526,1999/3/29,357
527,1999/3/31,593
528,1999/4/2,743
529,1999/4/5,413
530,1999/4/7,719
531,1999/4/9,835
532,1999/4/12,277
533,1999/4/14,200
534,1999/4/16,432
535,1999/4/19,205
536,1999/4/21,951
537,1999/4/23,998
538,1999/4/26,628
539,1999/4/28,435
540,1999/4/30,154
541,1999/5/3,33
542,1999/5/5,614
543,1999/5/7,362
544,1999/5/10,269
545,1999/5/12,838
546,1999/5/14,98
547,1999/5/17,806
548,1999/5/19,411
549,1999/5/21,450
550,1999/5/24,666
551,1999/5/26,300
552,1999/5/28,993
553,1999/5/31,19
554,1999/6/2,355
555,1999/6/4,602
556,1999/6/7,331
557,1999/6/9,443
558,1999/6/11,666
559,1999/6/14,297
560,1999/6/16,57
561,1999/6/18,190
562,1999/6/21,382
563,1999/6/23,80
564,1999/6/25,732
565,1999/6/28,982
566,1999/6/30,906
567,1999/7/2,433
568,1999/7/5,953
569,1999/7/7,49
570,1999/7/9,587
571,1999/7/12,798
572,1999/7/14,731
573,1999/7/16,597
574,1999/7/19,910
575,1999/7/21,939
576,1999/7/23,487
577,1999/7/26,228
578,1999/7/28,398
579,1999/7/30,588
580,1999/8/2,385
581,1999/8/4,160
582,1999/8/6,315
583,1999/8/9,850
584,1999/8/11,85
585,1999/8/13,365
586,1999/8/16,207
587,1999/8/18,569
588,1999/8/20,652
589,1999/8/23,485
590,1999/8/25,947
591,1999/8/27,46
592,1999/8/30,36
593,1999/9/1,829
594,1999/9/3,130
595,1999/9/6,162
596,1999/9/8,193
597,1999/9/10,429
598,1999/9/13,306
599,1999/9/15,554
600,1999/9/17,752
601,1999/9/20,421
602,1999/9/22,979
603,1999/9/24,699
604,1999/9/27,939
605,1999/9/29,30
606,1999/10/1,638
607,1999/10/4,405
608,1999/10/6,964
609,1999/10/8,178
610,1999/10/11,337
611,1999/10/13,801
612,1999/10/15,730
613,1999/10/18,591
614,1999/10/20,369
615,1999/10/22,142
616,1999/10/25,475
617,1999/10/27,92
618,1999/10/29,279
619,1999/11/1,567
620,1999/11/3,866
621,1999/11/5,44
622,1999/11/8,639
623,1999/11/10,308
624,1999/11/12,675
625,1999/11/15,546
626,1999/11/17,588
627,1999/11/19,472
628,1999/11/22,201
629,1999/11/24,118
630,1999/11/26,223
631,1999/11/29,194
632,1999/12/1,182
633,1999/12/3,446
634,1999/12/6,382
635,1999/12/8,669
636,1999/12/10,403
637,1999/12/13,633
638,1999/12/15,951
639,1999/12/17,783
640,1999/12/20,908
641,1999/12/22,636
642,1999/12/24,433
643,1999/12/27,364
644,1999/12/29,949
645,2000/1/5,584
646,2000/1/7,732
647,2000/1/10,175
648,2000/1/12,44
649,2000/1/14,282
650,2000/1/17,969
651,2000/1/19,345
652,2000/1/21,258
653,2000/1/24,37
654,2000/1/26,507
655,2000/1/28,798
656,2000/1/31,28
657,2000/2/2,959
658,2000/2/4,553
659,2000/2/7,649
660,2000/2/9,875
661,2000/2/11,81
662,2000/2/14,646
663,2000/2/16,70
664,2000/2/18,195
665,2000/2/21,297
666,2000/2/23,277
667,2000/2/25,943
668,2000/2/28,157
669,2000/3/1,367
670,2000/3/3,811
671,2000/3/6,682
672,2000/3/8,916
673,2000/3/10,385
674,2000/3/13,478
675,2000/3/15,944
676,2000/3/17,830
677,2000/3/20,68
678,2000/3/22,628
679,2000/3/24,261
680,2000/3/27,277
681,2000/3/29,503
682,2000/3/31,973
683,2000/4/3,632
684,2000/4/5,715
685,2000/4/7,947
686,2000/4/10,790
687,2000/4/12,751
688,2000/4/14,232
689,2000/4/17,42
690,2000/4/19,274
691,2000/4/21,132
692,2000/4/24,548
693,2000/4/26,94
694,2000/4/28,900
695,2000/5/1,797
696,2000/5/3,3
697,2000/5/5,971
698,2000/5/8,907
699,2000/5/10,278
700,2000/5/12,232
701,2000/5/15,883
702,2000/5/17,993
703,2000/5/19,424
704,2000/5/22,869
705,2000/5/24,94
706,2000/5/26,948
707,2000/5/29,851
708,2000/5/31,337
709,2000/6/2,762
710,2000/6/5,114
711,2000/6/7,755
712,2000/6/9,428
713,2000/6/12,620
714,2000/6/14,943
715,2000/6/16,40
716,2000/6/19,469
717,2000/6/21,743
718,2000/6/23,241
719,2000/6/26,234
720,2000/6/28,217
721,2000/6/30,889
722,2000/7/3,214
723,2000/7/5,739
724,2000/7/7,376
725,2000/7/10,397
726,2000/7/12,629
727,2000/7/14,125
728,2000/7/17,743
729,2000/7/19,189
730,2000/7/21,974
731,2000/7/24,808
732,2000/7/26,715
733,2000/7/28,179
734,2000/7/31,496
735,2000/8/2,610
736,2000/8/4,603
737,2000/8/7,821
738,2000/8/9,65
739,2000/8/11,918
740,2000/8/14,602
741,2000/8/16,54
742,2000/8/18,286
743,2000/8/21,854
744,2000/8/23,946
745,2000/8/25,31
746,2000/8/28,134
747,2000/8/30,831
748,2000/9/1,617
749,2000/9/4,920
750,2000/9/6,912
751,2000/9/8,266
752,2000/9/11,370
753,2000/9/13,208
754,2000/9/15,307
755,2000/9/18,982
756,2000/9/20,386
757,2000/9/22,375
758,2000/9/25,88
759,2000/9/27,548
760,2000/9/29,699
761,2000/10/2,805
762,2000/10/4,804
763,2000/10/6,610
764,2000/10/9,94
765,2000/10/11,117
766,2000/10/13,835
767,2000/10/16,618
768,2000/10/18,192
769,2000/10/20,220
770,2000/10/23,325
771,2000/10/25,522
772,2000/10/27,574
773,2000/10/30,811
774,2000/11/1,80
775,2000/11/3,923
776,2000/11/6,302
777,2000/11/8,237
778,2000/11/10,226
779,2000/11/13,167
780,2000/11/15,33
781,2000/11/17,472
782,2000/11/20,14
783,2000/11/22,924
784,2000/11/24,703
785,2000/11/27,908
786,2000/11/29,160
787,2000/12/1,221
788,2000/12/4,433
789,2000/12/6,787
790,2000/12/8,807
791,2000/12/11,552
792,2000/12/13,220
793,2000/12/15,685
794,2000/12/18,199
795,2000/12/20,461
796,2000/12/22,360
797,2000/12/25,418
798,2000/12/27,477
799,2000/12/29,953
800,2001/1/5,817
801,2001/1/8,793
802,2001/1/10,468
803,2001/1/12,405
804,2001/1/15,331
805,2001/1/17,224
806,2001/1/19,221
807,2001/1/22,122
808,2001/1/24,296
809,2001/1/26,127
810,2001/1/29,929
811,2001/1/31,559
812,2001/2/2,614
813,2001/2/5,96
814,2001/2/7,873
815,2001/2/9,839
816,2001/2/12,650
817,2001/2/14,922
818,2001/2/16,427
819,2001/2/19,369
820,2001/2/21,33
821,2001/2/23,292
822,2001/2/26,459
823,2001/2/28,535
824,2001/3/2,102
825,2001/3/5,339
826,2001/3/7,823
827,2001/3/9,802
828,2001/3/12,939
829,2001/3/14,442
830,2001/3/16,247
831,2001/3/19,764
832,2001/3/21,626
833,2001/3/23,826
834,2001/3/26,594
835,2001/3/28,309
836,2001/3/30,926
837,2001/4/2,539
838,2001/4/4,524
839,2001/4/6,679
840,2001/4/9,59
841,2001/4/11,306
842,2001/4/13,219
843,2001/4/16,768
844,2001/4/18,170
845,2001/4/20,274
846,2001/4/23,531
847,2001/4/25,473
848,2001/4/27,98
849,2001/4/30,539
850,2001/5/2,646
851,2001/5/4,717
852,2001/5/7,57
853,2001/5/9,363
854,2001/5/11,112
855,2001/5/14,939
856,2001/5/16,99
857,2001/5/18,921
858,2001/5/21,510
859,2001/5/23,400
860,2001/5/25,963
861,2001/5/28,931
862,2001/5/30,883
863,2001/6/1,585
864,2001/6/4,426
865,2001/6/6,329
866,2001/6/8,571
867,2001/6/11,432
868,2001/6/13,634
869,2001/6/15,245
870,2001/6/18,772
871,2001/6/20,639
872,2001/6/22,755
873,2001/6/25,367
874,2001/6/27,454
875,2001/6/29,778
876,2001/7/2,845
877,2001/7/4,589
878,2001/7/6,318
879,2001/7/9,908
880,2001/7/11,678
881,2001/7/13,494
882,2001/7/16,703
883,2001/7/18,745
884,2001/7/20,388
885,2001/7/23,307
886,2001/7/25,302
887,2001/7/27,672
888,2001/7/30,691
889,2001/8/1,139
890,2001/8/3,332
891,2001/8/6,254
892,2001/8/8,353
893,2001/8/10,184
894,2001/8/13,592
895,2001/8/15,614
896,2001/8/17,108
897,2001/8/20,55
898,2001/8/22,980
899,2001/8/24,350
900,2001/8/27,88
901,2001/8/29,694
902,2001/8/31,377
903,2001/9/3,648
904,2001/9/5,5
905,2001/9/7,812
906,2001/9/10,202
907,2001/9/12,865
908,2001/9/14,42
909,2001/9/17,116
910,2001/9/19,947
911,2001/9/21,972
912,2001/9/24,891
913,2001/9/26,524
914,2001/9/28,737
915,2001/10/1,356
916,2001/10/3,276
917,2001/10/5,502
918,2001/10/8,997
919,2001/10/10,223
920,2001/10/12,498
921,2001/10/15,315
922,2001/10/17,893
923,2001/10/19,232
924,2001/10/22,511
925,2001/10/24,971
926,2001/10/26,373
927,2001/10/29,468
928,2001/10/31,848
929,2001/11/2,32
930,2001/11/5,905
931,2001/11/7,330
932,2001/11/9,471
933,2001/11/12,337
934,2001/11/14,361
935,2001/11/16,304
936,2001/11/19,666
937,2001/11/21,865
938,2001/11/23,603
939,2001/11/26,308
940,2001/11/28,188
941,2001/11/30,59
942,2001/12/3,614
943,2001/12/5,881
944,2001/12/7,937
945,2001/12/10,19
946,2001/12/12,361
947,2001/12/14,220
948,2001/12/17,478
949,2001/12/19,788
950,2001/12/21,707
951,2001/12/24,147
952,2001/12/26,549
953,2001/12/28,875
954,2002/1/4,103
955,2002/1/7,845
956,2002/1/9,981
957,2002/1/11,533
958,2002/1/14,454
959,2002/1/16,911
960,2002/1/18,60
961,2002/1/21,345
962,2002/1/23,559
963,2002/1/25,805
964,2002/1/28,230
965,2002/1/30,131
966,2002/2/1,832
967,2002/2/4,715
968,2002/2/6,181
969,2002/2/8,950
970,2002/2/11,749
971,2002/2/13,147
972,2002/2/15,337
973,2002/2/18,557
974,2002/2/20,795
975,2002/2/22,432
976,2002/2/25,0
977,2002/2/27,192
978,2002/3/1,158
979,2002/3/4,11
980,2002/3/6,420
981,2002/3/8,250
982,2002/3/11,71
983,2002/3/13,727
984,2002/3/15,824
985,2002/3/18,622
986,2002/3/20,505
987,2002/3/22,683
988,2002/3/25,241
989,2002/3/27,979
990,2002/3/29,543
991,2002/4/1,505
992,2002/4/3,124
993,2002/4/5,393
994,2002/4/8,658
995,2002/4/10,312
996,2002/4/12,931
997,2002/4/15,168
998,2002/4/17,851
999,2002/4/19,189
1000,2002/4/22,165
1001,2002/4/24,828
1002,2002/4/26,324
1003,2002/4/29,241
1004,2002/5/1,629
1005,2002/5/3,215
1006,2002/5/6,233
1007,2002/5/8,297
1008,2002/5/10,381
1009,2002/5/13,699
1010,2002/5/15,695
1011,2002/5/17,813
1012,2002/5/20,690
1013,2002/5/22,199
1014,2002/5/24,758
1015,2002/5/27,922
1016,2002/5/29,810
1017,2002/5/31,463
1018,2002/6/3,749
1019,2002/6/5,546
1020,2002/6/7,140
1021,2002/6/10,642
1022,2002/6/12,463
1023,2002/6/14,224
1024,2002/6/17,423
1025,2002/6/19,793
1026,2002/6/21,554
1027,2002/6/24,794
1028,2002/6/26,441
1029,2002/6/28,825
1030,2002/7/1,260
1031,2002/7/3,216
1032,2002/7/5,404
1033,2002/7/8,466
1034,2002/7/10,249
1035,2002/7/12,67
1036,2002/7/15,524
1037,2002/7/17,925
1038,2002/7/19,143
1039,2002/7/22,258
1040,2002/7/24,108
1041,2002/7/26,526
1042,2002/7/29,647
1043,2002/7/31,844
1044,2002/8/2,883
1045,2002/8/5,267
1046,2002/8/7,676
1047,2002/8/9,165
1048,2002/8/12,602
1049,2002/8/14,6
1050,2002/8/16,290
1051,2002/8/19,538
1052,2002/8/21,642
1053,2002/8/23,670
1054,2002/8/26,911
1055,2002/8/28,552
1056,2002/8/30,646
1057,2002/9/2,137
1058,2002/9/4,347
1059,2002/9/6,879
1060,2002/9/9,966
1061,2002/9/11,995
1062,2002/9/13,165
1063,2002/9/16,966
1064,2002/9/18,228
1065,2002/9/20,385
1066,2002/9/23,571
1067,2002/9/25,259
1068,2002/9/27,330
1069,2002/9/30,670
1070,2002/10/2,853
1071,2002/10/4,910
1072,2002/10/7,382
1073,2002/10/9,461
1074,2002/10/11,866
1075,2002/10/14,567
1076,2002/10/16,954
1077,2002/10/18,294
1078,2002/10/21,408
1079,2002/10/23,438
1080,2002/10/25,410
1081,2002/10/28,465
1082,2002/10/30,486
1083,2002/11/1,334
1084,2002/11/4,721
1085,2002/11/6,175
1086,2002/11/8,750
1087,2002/11/11,299
1088,2002/11/13,305
1089,2002/11/15,670
1090,2002/11/18,549
1091,2002/11/20,621
1092,2002/11/22,779
1093,2002/11/25,782
1094,2002/11/27,798
1095,2002/11/29,289
1096,2002/12/2,601
1097,2002/12/4,188
1098,2002/12/6,53
1099,2002/12/9,180
1100,2002/12/11,390
1101,2002/12/13,232
1102,2002/12/16,15
1103,2002/12/18,270
1104,2002/12/20,386
1105,2002/12/23,748
1106,2002/12/25,821
1107,2002/12/27,519
1108,2002/12/30,407
1109,2003/1/6,739
1110,2003/1/8,904
1111,2003/1/10,850
1112,2003/1/13,417
1113,2003/1/15,735
1114,2003/1/17,685
1115,2003/1/20,703
1116,2003/1/22,409
1117,2003/1/24,718
1118,2003/1/27,816
1119,2003/1/29,264
1120,2003/1/31,789
1121,2003/2/3,996
1122,2003/2/5,702
1123,2003/2/7,687
1124,2003/2/10,818
1125,2003/2/12,820
1126,2003/2/14,361
1127,2003/2/17,554
1128,2003/2/19,956
1129,2003/2/21,264
1130,2003/2/24,36
1131,2003/2/26,210
1132,2003/2/28,418
1133,2003/3/3,36
1134,2003/3/5,251
1135,2003/3/7,887
1136,2003/3/10,410
1137,2003/3/12,233
1138,2003/3/14,250
1139,2003/3/17,72
1140,2003/3/19,757
1141,2003/3/21,917
1142,2003/3/24,540
1143,2003/3/26,129
1144,2003/3/28,999
1145,2003/3/31,126
1146,2003/4/2,442
1147,2003/4/4,428
1148,2003/4/7,16
1149,2003/4/9,511
1150,2003/4/11,831
1151,2003/4/14,714
1152,2003/4/16,177
1153,2003/4/18,687
1154,2003/4/21,142
1155,2003/4/23,309
1156,2003/4/25,198
1157,2003/4/28,41
1158,2003/4/30,971
1159,2003/5/2,806
1160,2003/5/5,831
1161,2003/5/7,577
1162,2003/5/9,366
1163,2003/5/12,990
1164,2003/5/14,835
1165,2003/5/16,644
1166,2003/5/19,254
1167,2003/5/21,183
1168,2003/5/23,280
1169,2003/5/26,400
1170,2003/5/28,617
1171,2003/5/30,581
1172,2003/6/2,20
1173,2003/6/4,271
1174,2003/6/6,170
1175,2003/6/9,493
1176,2003/6/11,608
1177,2003/6/13,441
1178,2003/6/16,996
1179,2003/6/18,889
1180,2003/6/20,44
1181,2003/6/23,346
1182,2003/6/25,903
1183,2003/6/27,609
1184,2003/6/30,749
1185,2003/7/2,342
1186,2003/7/4,422
1187,2003/7/7,184
1188,2003/7/9,865
1189,2003/7/11,463
1190,2003/7/14,556
1191,2003/7/16,269
1192,2003/7/18,664
1193,2003/7/21,686
1194,2003/7/23,438
1195,2003/7/25,416
1196,2003/7/28,897
1197,2003/7/30,695
1198,2003/8/1,547
1199,2003/8/4,152
1200,2003/8/6,944
1201,2003/8/8,957
1202,2003/8/11,459
1203,2003/8/13,989
1204,2003/8/15,820
1205,2003/8/18,766
1206,2003/8/20,943
1207,2003/8/22,958
1208,2003/8/25,160
1209,2003/8/27,612
1210,2003/8/29,162
1211,2003/9/1,304
1212,2003/9/3,638
1213,2003/9/5,415
1214,2003/9/8,911
1215,2003/9/10,979
1216,2003/9/12,221
1217,2003/9/15,279
1218,2003/9/17,933
1219,2003/9/19,825
1220,2003/9/22,118
1221,2003/9/24,496
1222,2003/9/26,267
1223,2003/9/29,784
1224,2003/10/1,495
1225,2003/10/3,913
1226,2003/10/6,337
1227,2003/10/8,953
1228,2003/10/10,899
1229,2003/10/13,842
1230,2003/10/15,274
1231,2003/10/17,260
1232,2003/10/20,317
1233,2003/10/22,738
1234,2003/10/24,796
1235,2003/10/27,235
1236,2003/10/29,885
1237,2003/10/31,852
1238,2003/11/3,891
1239,2003/11/5,348
1240,2003/11/7,798
1241,2003/11/10,930
1242,2003/11/12,175
1243,2003/11/14,622
1244,2003/11/17,651
1245,2003/11/19,704
1246,2003/11/21,518
1247,2003/11/24,54
1248,2003/11/26,504
1249,2003/11/28,455
1250,2003/12/1,276
1251,2003/12/3,106
1252,2003/12/5,936
1253,2003/12/8,353
1254,2003/12/10,58
1255,2003/12/12,958
1256,2003/12/15,80
1257,2003/12/17,239
1258,2003/12/19,188
1259,2003/12/22,606
1260,2003/12/24,21
1261,2003/12/26,724
1262,2003/12/29,471
1263,2004/1/5,491
1264,2004/1/7,669
1265,2004/1/9,409
1266,2004/1/12,884
1267,2004/1/14,121
1268,2004/1/16,445
1269,2004/1/19,136
1270,2004/1/21,4
1271,2004/1/23,320
1272,2004/1/26,68
1273,2004/1/28,337
1274,2004/1/30,281
1275,2004/2/2,427
1276,2004/2/4,869
1277,2004/2/6,777
1278,2004/2/9,465
1279,2004/2/11,583
1280,2004/2/13,822
1281,2004/2/16,40
1282,2004/2/18,204
1283,2004/2/20,513
1284,2004/2/23,990
1285,2004/2/25,119
1286,2004/2/27,51
1287,2004/3/1,745
1288,2004/3/3,30
1289,2004/3/5,407
1290,2004/3/8,162
1291,2004/3/10,517
1292,2004/3/12,725
1293,2004/3/15,0
1294,2004/3/17,558
1295,2004/3/19,170
1296,2004/3/22,893
1297,2004/3/24,526
1298,2004/3/26,174
1299,2004/3/29,211
1300,2004/3/31,590
1301,2004/4/2,820
1302,2004/4/5,189
1303,2004/4/7,330
1304,2004/4/9,308
1305,2004/4/12,936
1306,2004/4/14,563
1307,2004/4/16,900
1308,2004/4/19,733
1309,2004/4/21,374
1310,2004/4/23,842
1311,2004/4/26,922
1312,2004/4/28,764
1313,2004/4/30,671
1314,2004/5/3,653
1315,2004/5/5,758
1316,2004/5/7,953
1317,2004/5/10,737
1318,2004/5/12,308
1319,2004/5/14,567
1320,2004/5/17,452
1321,2004/5/19,490
1322,2004/5/21,784
1323,2004/5/24,302
1324,2004/5/26,855
1325,2004/5/28,226
1326,2004/5/31,673
1327,2004/6/2,215
1328,2004/6/4,376
1329,2004/6/7,554
1330,2004/6/9,76
1331,2004/6/11,859
1332,2004/6/14,978
1333,2004/6/16,134
1334,2004/6/18,236
1335,2004/6/21,462
1336,2004/6/23,206
1337,2004/6/25,814
1338,2004/6/28,837
1339,2004/6/30,902
1340,2004/7/1,597
1341,2004/7/2,670
1342,2004/7/5,543
1343,2004/7/6,879
1344,2004/7/7,342
1345,2004/7/8,994
1346,2004/7/9,765
1347,2004/7/12,18
1348,2004/7/13,821
1349,2004/7/14,498
1350,2004/7/15,632
1351,2004/7/16,240
1352,2004/7/19,562
1353,2004/7/20,931
1354,2004/7/21,590
1355,2004/7/22,78
1356,2004/7/23,998
1357,2004/7/26,883
1358,2004/7/27,166
1359,2004/7/28,973
1360,2004/7/29,109
1361,2004/7/30,223
1362,2004/8/2,286
1363,2004/8/3,844
1364,2004/8/4,843
1365,2004/8/5,970
1366,2004/8/6,112
1367,2004/8/9,451
1368,2004/8/10,480
1369,2004/8/11,955
1370,2004/8/12,497
1371,2004/8/13,822
1372,2004/8/16,383
1373,2004/8/17,611
1374,2004/8/18,5
1375,2004/8/19,281
1376,2004/8/20,114
1377,2004/8/23,66
1378,2004/8/24,200
1379,2004/8/25,717
1380,2004/8/26,983
1381,2004/8/27,558
1382,2004/8/30,601
1383,2004/8/31,512
1384,2004/9/1,525
1385,2004/9/2,355
1386,2004/9/3,489
1387,2004/9/6,905
1388,2004/9/7,632
1389,2004/9/8,463
1390,2004/9/9,782
1391,2004/9/10,808
1392,2004/9/13,921
1393,2004/9/14,190
1394,2004/9/15,593
1395,2004/9/16,234
1396,2004/9/17,621
1397,2004/9/20,934
1398,2004/9/21,812
1399,2004/9/22,540
1400,2004/9/23,522
1401,2004/9/24,206
1402,2004/9/27,374
1403,2004/9/28,638
1404,2004/9/29,804
1405,2004/9/30,187
1406,2004/10/1,374
1407,2004/10/4,835
1408,2004/10/5,945
1409,2004/10/6,949
1410,2004/10/7,391
1411,2004/10/8,355
1412,2004/10/11,697
1413,2004/10/12,620
1414,2004/10/13,670
1415,2004/10/14,189
1416,2004/10/15,266
1417,2004/10/18,876
1418,2004/10/19,335
1419,2004/10/20,64
1420,2004/10/21,499
1421,2004/10/22,490
1422,2004/10/25,945
1423,2004/10/26,234
1424,2004/10/27,353
1425,2004/10/28,660
1426,2004/10/29,754
1427,2004/11/1,638
1428,2004/11/2,699
1429,2004/11/3,819
1430,2004/11/4,295
1431,2004/11/5,742
1432,2004/11/8,400
1433,2004/11/9,638
1434,2004/11/10,299
1435,2004/11/11,545
1436,2004/11/12,196
1437,2004/11/15,667
1438,2004/11/16,582
1439,2004/11/17,306
1440,2004/11/18,684
1441,2004/11/19,798
1442,2004/11/22,94
1443,2004/11/23,701
1444,2004/11/24,65
1445,2004/11/25,392
1446,2004/11/26,588
1447,2004/11/29,925
1448,2004/11/30,189
1449,2004/12/1,940
1450,2004/12/2,133
1451,2004/12/3,288
1452,2004/12/6,301
1453,2004/12/7,966
1454,2004/12/8,616
1455,2004/12/9,363
1456,2004/12/10,662
1457,2004/12/13,310
1458,2004/12/14,609
1459,2004/12/15,869
1460,2004/12/16,377
1461,2004/12/17,279
1462,2004/12/20,799
1463,2004/12/21,344
1464,2004/12/22,82
1465,2004/12/23,824
1466,2004/12/24,95
1467,2004/12/27,625
1468,2004/12/28,497
1469,2004/12/29,213
1470,2004/12/30,815
1471,2005/1/4,902
1472,2005/1/5,227
1473,2005/1/6,429
1474,2005/1/7,784
1475,2005/1/10,576
1476,2005/1/11,55
1477,2005/1/12,275
1478,2005/1/13,137
1479,2005/1/14,536
1480,2005/1/17,809
1481,2005/1/18,328
1482,2005/1/19,423
1483,2005/1/20,780
1484,2005/1/21,26
1485,2005/1/24,369
1486,2005/1/25,526
1487,2005/1/26,465
1488,2005/1/27,968
1489,2005/1/28,218
1490,2005/1/31,807
1491,2005/2/1,287
1492,2005/2/2,997
1493,2005/2/3,313
1494,2005/2/4,800
1495,2005/2/7,601
1496,2005/2/8,742
1497,2005/2/9,738
1498,2005/2/10,754
1499,2005/2/11,196
1500,2005/2/14,453
1501,2005/2/15,793
1502,2005/2/16,556
1503,2005/2/17,533
1504,2005/2/18,58
1505,2005/2/21,419
1506,2005/2/22,63
1507,2005/2/23,379
1508,2005/2/24,928
1509,2005/2/25,613
1510,2005/2/28,917
1511,2005/3/1,212
1512,2005/3/2,887
1513,2005/3/3,970
1514,2005/3/4,707
1515,2005/3/7,412
1516,2005/3/8,603
1517,2005/3/9,578
1518,2005/3/10,266
1519,2005/3/11,384
1520,2005/3/14,680
1521,2005/3/15,87
1522,2005/3/16,776
1523,2005/3/17,387
1524,2005/3/18,319
1525,2005/3/21,729
1526,2005/3/22,963
1527,2005/3/23,751
1528,2005/3/24,948
1529,2005/3/25,235
1530,2005/3/28,686
1531,2005/3/29,857
1532,2005/3/30,786
1533,2005/3/31,716
1534,2005/4/1,84
1535,2005/4/4,567
1536,2005/4/5,414
1537,2005/4/6,482
1538,2005/4/7,507
1539,2005/4/8,215
1540,2005/4/11,350
1541,2005/4/12,776
1542,2005/4/13,43
1543,2005/4/14,400
1544,2005/4/15,190
1545,2005/4/18,629
1546,2005/4/19,841
1547,2005/4/20,73
1548,2005/4/21,942
1549,2005/4/22,203
1550,2005/4/25,560
1551,2005/4/26,788
1552,2005/4/27,530
1553,2005/4/28,178
1554,2005/4/29,589
1555,2005/5/2,459
1556,2005/5/3,250
1557,2005/5/4,222
1558,2005/5/5,781
1559,2005/5/6,614
1560,2005/5/9,973
1561,2005/5/10,378
1562,2005/5/11,453
1563,2005/5/12,542
1564,2005/5/13,241
1565,2005/5/16,565
1566,2005/5/17,182
1567,2005/5/18,16
1568,2005/5/19,204
1569,2005/5/20,529
1570,2005/5/23,827
1571,2005/5/24,660
1572,2005/5/25,597
1573,2005/5/26,917
1574,2005/5/27,835
1575,2005/5/30,659
1576,2005/5/31,392
1577,2005/6/1,634
1578,2005/6/2,363
1579,2005/6/3,327
1580,2005/6/6,42
1581,2005/6/7,100
1582,2005/6/8,920
1583,2005/6/9,287
1584,2005/6/10,217
1585,2005/6/13,709
1586,2005/6/14,885
1587,2005/6/15,368
1588,2005/6/16,769
1589,2005/6/17,351
1590,2005/6/20,97
1591,2005/6/21,671
1592,2005/6/22,402
1593,2005/6/23,378
1594,2005/6/24,377
1595,2005/6/27,65
1596,2005/6/28,95
1597,2005/6/29,747
1598,2005/6/30,395
1599,2005/7/1,332
1600,2005/7/4,146
1601,2005/7/5,899
1602,2005/7/6,885
1603,2005/7/7,762
1604,2005/7/8,382
1605,2005/7/11,964
1606,2005/7/12,312
1607,2005/7/13,382
1608,2005/7/14,318
1609,2005/7/15,430
1610,2005/7/18,922
1611,2005/7/19,441
1612,2005/7/20,261
1613,2005/7/21,465
1614,2005/7/22,861
1615,2005/7/25,448
1616,2005/7/26,347
1617,2005/7/27,726
1618,2005/7/28,720
1619,2005/7/29,319
1620,2005/8/1,424
1621,2005/8/2,482
1622,2005/8/3,943
1623,2005/8/4,934
1624,2005/8/5,977
1625,2005/8/8,929
1626,2005/8/9,168
1627,2005/8/10,368
1628,2005/8/11,607
1629,2005/8/12,660
1630,2005/8/15,626
1631,2005/8/16,755
1632,2005/8/17,486
1633,2005/8/18,868
1634,2005/8/19,77
1635,2005/8/22,509
1636,2005/8/23,980
1637,2005/8/24,644
1638,2005/8/25,451
1639,2005/8/26,501
1640,2005/8/29,787
1641,2005/8/30,439
1642,2005/8/31,60
1643,2005/9/1,948
1644,2005/9/2,917
1645,2005/9/5,792
1646,2005/9/6,353
1647,2005/9/7,57
1648,2005/9/8,633
1649,2005/9/9,722
1650,2005/9/12,775
1651,2005/9/13,839
1652,2005/9/14,59
1653,2005/9/15,975
1654,2005/9/16,638
1655,2005/9/19,927
1656,2005/9/20,784
1657,2005/9/21,198
1658,2005/9/22,896
1659,2005/9/23,823
1660,2005/9/26,554
1661,2005/9/27,138
1662,2005/9/28,783
1663,2005/9/29,852
1664,2005/9/30,542
1665,2005/10/3,571
1666,2005/10/4,193
1667,2005/10/5,928
1668,2005/10/6,616
1669,2005/10/7,26
1670,2005/10/10,968
1671,2005/10/11,175
1672,2005/10/12,990
1673,2005/10/13,871
1674,2005/10/14,673
1675,2005/10/17,269
1676,2005/10/18,448
1677,2005/10/19,288
1678,2005/10/20,775
1679,2005/10/21,650
1680,2005/10/24,832
1681,2005/10/25,741
1682,2005/10/26,237
1683,2005/10/27,797
1684,2005/10/28,461
1685,2005/10/31,453
1686,2005/11/1,15
1687,2005/11/2,97
1688,2005/11/3,918
1689,2005/11/4,357
1690,2005/11/7,559
1691,2005/11/8,180
1692,2005/11/9,538
1693,2005/11/10,906
1694,2005/11/11,808
1695,2005/11/14,639
1696,2005/11/15,948
1697,2005/11/16,893
1698,2005/11/17,533
1699,2005/11/18,47
1700,2005/11/21,844
1701,2005/11/22,678
1702,2005/11/23,469
1703,2005/11/24,449
1704,2005/11/25,924
1705,2005/11/28,759
1706,2005/11/29,855
1707,2005/11/30,104
1708,2005/12/1,463
1709,2005/12/2,477
1710,2005/12/5,692
1711,2005/12/6,803
1712,2005/12/7,280
1713,2005/12/8,101
1714,2005/12/9,347
1715,2005/12/12,846
1716,2005/12/13,792
1717,2005/12/14,610
1718,2005/12/15,161
1719,2005/12/16,257
1720,2005/12/19,28
1721,2005/12/20,33
1722,2005/12/21,863
1723,2005/12/22,164
1724,2005/12/23,616
1725,2005/12/26,916
1726,2005/12/27,836
1727,2005/12/28,646
1728,2005/12/29,908
1729,2005/12/30,62
1730,2006/1/4,266
1731,2006/1/5,998
1732,2006/1/6,119
1733,2006/1/9,674
1734,2006/1/10,897
1735,2006/1/11,733
1736,2006/1/12,675
1737,2006/1/13,433
1738,2006/1/16,771
1739,2006/1/17,884
1740,2006/1/18,801
1741,2006/1/19,503
1742,2006/1/20,916
1743,2006/1/23,846
1744,2006/1/24,188
1745,2006/1/25,979
1746,2006/1/26,293
1747,2006/1/27,562
1748,2006/1/30,21
1749,2006/1/31,696
1750,2006/2/1,870
1751,2006/2/2,634
1752,2006/2/3,92
1753,2006/2/6,86
1754,2006/2/7,559
1755,2006/2/8,571
1756,2006/2/9,29
1757,2006/2/10,64
1758,2006/2/13,148
1759,2006/2/14,358
1760,2006/2/15,399
1761,2006/2/16,901
1762,2006/2/17,484
1763,2006/2/20,606
1764,2006/2/21,433
1765,2006/2/22,131
1766,2006/2/23,455
1767,2006/2/24,965
1768,2006/2/27,743
1769,2006/2/28,617
1770,2006/3/1,755
1771,2006/3/2,679
1772,2006/3/3,643
1773,2006/3/6,32
1774,2006/3/7,431
1775,2006/3/8,50
1776,2006/3/9,259
1777,2006/3/10,331
1778,2006/3/13,831
1779,2006/3/14,321
1780,2006/3/15,164
1781,2006/3/16,20
1782,2006/3/17,435
1783,2006/3/20,790
1784,2006/3/21,955
1785,2006/3/22,645
1786,2006/3/23,323
1787,2006/3/24,678
1788,2006/3/27,740
1789,2006/3/28,794
1790,2006/3/29,619
1791,2006/3/30,853
1792,2006/3/31,261
1793,2006/4/3,630
1794,2006/4/4,28
1795,2006/4/5,439
1796,2006/4/6,587
1797,2006/4/7,829
1798,2006/4/10,748
1799,2006/4/11,490
1800,2006/4/12,483
1801,2006/4/13,575
1802,2006/4/14,372
1803,2006/4/17,575
1804,2006/4/18,273
1805,2006/4/19,115
1806,2006/4/20,872
1807,2006/4/21,36
1808,2006/4/24,422
1809,2006/4/25,913
1810,2006/4/26,940
1811,2006/4/27,528
1812,2006/4/28,326
1813,2006/5/1,686
1814,2006/5/2,735
1815,2006/5/3,49
1816,2006/5/4,861
1817,2006/5/5,74
1818,2006/5/8,387
1819,2006/5/9,212
1820,2006/5/10,694
1821,2006/5/11,994
1822,2006/5/12,176
1823,2006/5/15,109
1824,2006/5/16,423
1825,2006/5/17,694
1826,2006/5/18,299
1827,2006/5/19,908
1828,2006/5/22,493
1829,2006/5/23,962
1830,2006/5/24,287
1831,2006/5/25,941
1832,2006/5/26,598
1833,2006/5/29,873
1834,2006/5/30,293
1835,2006/5/31,896
1836,2006/6/1,792
1837,2006/6/2,198
1838,2006/6/5,173
1839,2006/6/6,850
1840,2006/6/7,795
1841,2006/6/8,858
1842,2006/6/9,640
1843,2006/6/12,269
1844,2006/6/13,178
1845,2006/6/14,333
1846,2006/6/15,862
1847,2006/6/16,612
1848,2006/6/19,696
1849,2006/6/20,127
1850,2006/6/21,691
1851,2006/6/22,150
1852,2006/6/23,572
1853,2006/6/26,420
1854,2006/6/27,980
1855,2006/6/28,567
1856,2006/6/29,618
1857,2006/6/30,218
1858,2006/7/3,878
1859,2006/7/4,878
1860,2006/7/5,117
1861,2006/7/6,95
1862,2006/7/7,890
1863,2006/7/10,236
1864,2006/7/11,926
1865,2006/7/12,299
1866,2006/7/13,675
1867,2006/7/14,702
1868,2006/7/17,733
1869,2006/7/18,544
1870,2006/7/19,847
1871,2006/7/20,973
1872,2006/7/21,496
1873,2006/7/24,638
1874,2006/7/25,806
1875,2006/7/26,666
1876,2006/7/27,129
1877,2006/7/28,190
1878,2006/7/31,141
1879,2006/8/1,742
1880,2006/8/2,674
1881,2006/8/3,558
1882,2006/8/4,914
1883,2006/8/7,76
1884,2006/8/8,528
1885,2006/8/9,51
1886,2006/8/10,932
1887,2006/8/11,172
1888,2006/8/14,370
1889,2006/8/15,647
1890,2006/8/16,269
1891,2006/8/17,924
1892,2006/8/18,183
1893,2006/8/21,856
1894,2006/8/22,273
1895,2006/8/23,937
1896,2006/8/24,656
1897,2006/8/25,924
1898,2006/8/28,321
1899,2006/8/29,374
1900,2006/8/30,845
1901,2006/8/31,535
1902,2006/9/1,899
1903,2006/9/4,349
1904,2006/9/5,874
1905,2006/9/6,104
1906,2006/9/7,522
1907,2006/9/8,815
1908,2006/9/11,892
1909,2006/9/12,859
1910,2006/9/13,468
1911,2006/9/14,62
1912,2006/9/15,19
1913,2006/9/18,121
1914,2006/9/19,955
1915,2006/9/20,918
1916,2006/9/21,586
1917,2006/9/22,875
1918,2006/9/25,402
1919,2006/9/26,161
1920,2006/9/27,898
1921,2006/9/28,890
1922,2006/9/29,448
1923,2006/10/2,633
1924,2006/10/3,461
1925,2006/10/4,757
1926,2006/10/5,924
1927,2006/10/6,813
1928,2006/10/9,113
1929,2006/10/10,874
1930,2006/10/11,402
1931,2006/10/12,595
1932,2006/10/13,887
1933,2006/10/16,559
1934,2006/10/17,700
1935,2006/10/18,236
1936,2006/10/19,113
1937,2006/10/20,703
1938,2006/10/23,243
1939,2006/10/24,286
1940,2006/10/25,440
1941,2006/10/26,483
1942,2006/10/27,850
1943,2006/10/30,588
1944,2006/10/31,121
1945,2006/11/1,855
1946,2006/11/2,679
1947,2006/11/3,303
1948,2006/11/6,992
1949,2006/11/7,713
1950,2006/11/8,630
1951,2006/11/9,663
1952,2006/11/10,368
1953,2006/11/13,972
1954,2006/11/14,131
1955,2006/11/15,861
1956,2006/11/16,432
1957,2006/11/17,414
1958,2006/11/20,312
1959,2006/11/21,192
1960,2006/11/22,460
1961,2006/11/23,92
1962,2006/11/24,395
1963,2006/11/27,697
1964,2006/11/28,359
1965,2006/11/29,42
1966,2006/11/30,826
1967,2006/12/1,533
1968,2006/12/4,407
1969,2006/12/5,675
1970,2006/12/6,455
1971,2006/12/7,198
1972,2006/12/8,58
1973,2006/12/11,719
1974,2006/12/12,692
1975,2006/12/13,49
1976,2006/12/14,555
1977,2006/12/15,536
1978,2006/12/18,649
1979,2006/12/19,808
1980,2006/12/20,652
1981,2006/12/21,778
1982,2006/12/22,833
1983,2006/12/25,218
1984,2006/12/26,258
1985,2006/12/27,824
1986,2006/12/28,129
1987,2006/12/29,61
1988,2007/1/4,90
1989,2007/1/5,942
1990,2007/1/8,726
1991,2007/1/9,522
1992,2007/1/10,949
1993,2007/1/11,438
1994,2007/1/12,305
1995,2007/1/15,847
1996,2007/1/16,581
1997,2007/1/17,908
1998,2007/1/18,580
1999,2007/1/19,900
2000,2007/1/22,440
2001,2007/1/23,325
2002,2007/1/24,567
2003,2007/1/25,537
2004,2007/1/26,810
2005,2007/1/29,525
2006,2007/1/30,574
2007,2007/1/31,311
2008,2007/2/1,624
2009,2007/2/2,594
2010,2007/2/5,412
2011,2007/2/6,815
2012,2007/2/7,539
2013,2007/2/8,874
2014,2007/2/9,8
2015,2007/2/12,842
2016,2007/2/13,268
2017,2007/2/14,315
2018,2007/2/15,453
2019,2007/2/16,519
2020,2007/2/19,449
2021,2007/2/20,27
2022,2007/2/21,240
2023,2007/2/22,705
2024,2007/2/23,939
2025,2007/2/26,964
2026,2007/2/27,160
2027,2007/2/28,172
2028,2007/3/1,378
2029,2007/3/2,308
2030,2007/3/5,321
2031,2007/3/6,477
2032,2007/3/7,974
2033,2007/3/8,417
2034,2007/3/9,938
2035,2007/3/12,415
2036,2007/3/13,403
2037,2007/3/14,971
2038,2007/3/15,977
2039,2007/3/16,231
2040,2007/3/19,732
2041,2007/3/20,149
2042,2007/3/21,550
2043,2007/3/22,334
2044,2007/3/23,34
2045,2007/3/26,632
2046,2007/3/27,707
2047,2007/3/28,1
2048,2007/3/29,984
2049,2007/3/30,771
2050,2007/4/2,746
2051,2007/4/3,330
2052,2007/4/4,121
2053,2007/4/5,368
2054,2007/4/6,379
2055,2007/4/9,266
2056,2007/4/10,646
2057,2007/4/11,165
2058,2007/4/12,715
2059,2007/4/13,183
2060,2007/4/16,223
2061,2007/4/17,974
2062,2007/4/18,621
2063,2007/4/19,519
2064,2007/4/20,926
2065,2007/4/23,301
2066,2007/4/24,456
2067,2007/4/25,123
2068,2007/4/26,157
2069,2007/4/27,306
2070,2007/4/30,701
2071,2007/5/1,654
2072,2007/5/2,399
2073,2007/5/3,231
2074,2007/5/4,172
2075,2007/5/7,302
2076,2007/5/8,827
2077,2007/5/9,936
2078,2007/5/10,466
2079,2007/5/11,725
2080,2007/5/14,594
2081,2007/5/15,716
2082,2007/5/16,178
2083,2007/5/17,544
2084,2007/5/18,826
2085,2007/5/21,522
2086,2007/5/22,803
2087,2007/5/23,821
2088,2007/5/24,407
2089,2007/5/25,353
2090,2007/5/28,642
2091,2007/5/29,428
2092,2007/5/30,156
2093,2007/5/31,386
2094,2007/6/1,392
2095,2007/6/4,242
2096,2007/6/5,556
2097,2007/6/6,45
2098,2007/6/7,405
2099,2007/6/8,32
2100,2007/6/11,642
2101,2007/6/12,135
2102,2007/6/13,560
2103,2007/6/14,989
2104,2007/6/15,236
2105,2007/6/18,222
2106,2007/6/19,584
2107,2007/6/20,791
2108,2007/6/21,106
2109,2007/6/22,757
2110,2007/6/25,859
2111,2007/6/26,925
2112,2007/6/27,482
2113,2007/6/28,278
2114,2007/6/29,453
2115,2007/7/2,447
2116,2007/7/3,656
2117,2007/7/4,12
2118,2007/7/5,55
2119,2007/7/6,128
2120,2007/7/9,591
2121,2007/7/10,170
2122,2007/7/11,778
2123,2007/7/12,586
2124,2007/7/13,867
2125,2007/7/16,864
2126,2007/7/17,398
2127,2007/7/18,752
2128,2007/7/19,600
2129,2007/7/20,89
2130,2007/7/23,857
2131,2007/7/24,287
2132,2007/7/25,938
2133,2007/7/26,818
2134,2007/7/27,391
2135,2007/7/30,254
2136,2007/7/31,971
2137,2007/8/1,931
2138,2007/8/2,498
2139,2007/8/3,509
2140,2007/8/6,318
2141,2007/8/7,81
2142,2007/8/8,112
2143,2007/8/9,987
2144,2007/8/10,189
2145,2007/8/13,700
2146,2007/8/14,35
2147,2007/8/15,478
2148,2007/8/16,822
2149,2007/8/17,703
2150,2007/8/20,975
2151,2007/8/21,912
2152,2007/8/22,730
2153,2007/8/23,152
2154,2007/8/24,830
2155,2007/8/27,494
2156,2007/8/28,239
2157,2007/8/29,678
2158,2007/8/30,585
2159,2007/8/31,387
2160,2007/9/3,353
2161,2007/9/4,626
2162,2007/9/5,677
2163,2007/9/6,571
2164,2007/9/7,150
2165,2007/9/10,400
2166,2007/9/11,92
2167,2007/9/12,198
2168,2007/9/13,169
2169,2007/9/14,618
2170,2007/9/17,755
2171,2007/9/18,233
2172,2007/9/19,673
2173,2007/9/20,145
2174,2007/9/21,461
2175,2007/9/24,938
2176,2007/9/25,762
2177,2007/9/26,691
2178,2007/9/27,842
2179,2007/9/28,9
2180,2007/10/1,644
2181,2007/10/2,809
2182,2007/10/3,958
2183,2007/10/4,863
2184,2007/10/5,236
2185,2007/10/8,525
2186,2007/10/9,744
2187,2007/10/10,884
2188,2007/10/11,785
2189,2007/10/12,561
2190,2007/10/15,278
2191,2007/10/16,864
2192,2007/10/17,757
2193,2007/10/18,832
2194,2007/10/19,966
2195,2007/10/22,604
2196,2007/10/23,171
2197,2007/10/24,391
2198,2007/10/25,614
2199,2007/10/26,685
2200,2007/10/29,130
2201,2007/10/30,79
2202,2007/10/31,675
2203,2007/11/1,38
2204,2007/11/2,254
2205,2007/11/5,18
2206,2007/11/6,928
2207,2007/11/7,418
2208,2007/11/8,955
2209,2007/11/9,409
2210,2007/11/12,638
2211,2007/11/13,334
2212,2007/11/14,785
2213,2007/11/15,892
2214,2007/11/16,679
2215,2007/11/19,762
2216,2007/11/20,652
2217,2007/11/21,145
2218,2007/11/22,13
2219,2007/11/23,601
2220,2007/11/26,781
2221,2007/11/27,395
2222,2007/11/28,373
2223,2007/11/29,361
2224,2007/11/30,326
2225,2007/12/3,469
2226,2007/12/4,517
2227,2007/12/5,515
2228,2007/12/6,426
2229,2007/12/7,306
2230,2007/12/10,839
2231,2007/12/11,943
2232,2007/12/12,580
2233,2007/12/13,33
2234,2007/12/14,579
2235,2007/12/17,888
2236,2007/12/18,761
2237,2007/12/19,896
2238,2007/12/20,538
2239,2007/12/21,958
2240,2007/12/24,768
2241,2007/12/25,294
2242,2007/12/26,304
2243,2007/12/27,715
2244,2007/12/28,182
2245,2008/1/4,29
2246,2008/1/7,965
2247,2008/1/8,682
2248,2008/1/9,443
2249,2008/1/10,972
2250,2008/1/11,900
2251,2008/1/14,978
2252,2008/1/15,651
2253,2008/1/16,178
2254,2008/1/17,810
2255,2008/1/18,66
2256,2008/1/21,875
2257,2008/1/22,297
2258,2008/1/23,390
2259,2008/1/24,18
2260,2008/1/25,4
2261,2008/1/28,982
2262,2008/1/29,488
2263,2008/1/30,514
2264,2008/1/31,309
2265,2008/2/1,170
2266,2008/2/4,122
2267,2008/2/5,699
2268,2008/2/6,745
2269,2008/2/7,14
2270,2008/2/8,86
2271,2008/2/11,14
2272,2008/2/12,610
2273,2008/2/13,569
2274,2008/2/14,705
2275,2008/2/15,435
2276,2008/2/18,599
2277,2008/2/19,802
2278,2008/2/20,215
2279,2008/2/21,276
2280,2008/2/22,175
2281,2008/2/25,128
2282,2008/2/26,472
2283,2008/2/27,348
2284,2008/2/28,956
2285,2008/2/29,616
2286,2008/3/3,648
2287,2008/3/4,199
2288,2008/3/5,22
2289,2008/3/6,858
2290,2008/3/7,842
2291,2008/3/10,686
2292,2008/3/11,685
2293,2008/3/12,633
2294,2008/3/13,139
2295,2008/3/14,317
2296,2008/3/17,281
2297,2008/3/18,440
2298,2008/3/19,240
2299,2008/3/20,418
2300,2008/3/21,411
2301,2008/3/24,48
2302,2008/3/25,849
2303,2008/3/26,22
2304,2008/3/27,631
2305,2008/3/28,197
2306,2008/3/31,909
2307,2008/4/1,401
2308,2008/4/2,601
2309,2008/4/3,279
2310,2008/4/4,889
2311,2008/4/7,457
2312,2008/4/8,478
2313,2008/4/9,412
2314,2008/4/10,499
2315,2008/4/11,946
2316,2008/4/14,422
2317,2008/4/15,165
2318,2008/4/16,230
2319,2008/4/17,237
2320,2008/4/18,617
2321,2008/4/21,668
2322,2008/4/22,679
2323,2008/4/23,621
2324,2008/4/24,774
2325,2008/4/25,117
2326,2008/4/28,670
2327,2008/4/29,212
2328,2008/4/30,724
2329,2008/5/1,162
2330,2008/5/2,751
2331,2008/5/5,779
2332,2008/5/6,627
2333,2008/5/7,46
2334,2008/5/8,276
2335,2008/5/9,655
2336,2008/5/12,970
2337,2008/5/13,907
2338,2008/5/14,357
2339,2008/5/15,302
2340,2008/5/16,119
2341,2008/5/19,728
2342,2008/5/20,874
2343,2008/5/21,950
2344,2008/5/22,677
2345,2008/5/23,316
2346,2008/5/26,613
2347,2008/5/27,183
2348,2008/5/28,975
2349,2008/5/29,842
2350,2008/5/30,772
2351,2008/6/2,342
2352,2008/6/3,41
2353,2008/6/4,471
2354,2008/6/5,739
2355,2008/6/6,453
2356,2008/6/9,91
2357,2008/6/10,596
2358,2008/6/11,704
2359,2008/6/12,538
2360,2008/6/13,272
2361,2008/6/16,474
2362,2008/6/17,809
2363,2008/6/18,215
2364,2008/6/19,401
2365,2008/6/20,70
2366,2008/6/23,991
2367,2008/6/24,777
2368,2008/6/25,597
2369,2008/6/26,9
2370,2008/6/27,816
2371,2008/6/30,960
2372,2008/7/1,856
2373,2008/7/2,703
2374,2008/7/3,943
2375,2008/7/4,618
2376,2008/7/7,271
2377,2008/7/8,202
2378,2008/7/9,808
2379,2008/7/10,200
2380,2008/7/11,372
2381,2008/7/14,286
2382,2008/7/15,141
2383,2008/7/16,568
2384,2008/7/17,66
2385,2008/7/18,733
2386,2008/7/21,141
2387,2008/7/22,626
2388,2008/7/23,475
2389,2008/7/24,142
2390,2008/7/25,271
2391,2008/7/28,900
2392,2008/7/29,325
2393,2008/7/30,963
2394,2008/7/31,8
2395,2008/8/1,169
2396,2008/8/4,3
2397,2008/8/5,531
2398,2008/8/6,140
2399,2008/8/7,801
2400,2008/8/8,703
2401,2008/8/11,117
2402,2008/8/12,928
2403,2008/8/13,750
2404,2008/8/14,158
2405,2008/8/15,311
2406,2008/8/18,247
2407,2008/8/19,812
2408,2008/8/20,16
2409,2008/8/21,677
2410,2008/8/22,551
2411,2008/8/25,667
2412,2008/8/26,725
2413,2008/8/27,764
2414,2008/8/28,483
2415,2008/8/29,734
2416,2008/9/1,200
2417,2008/9/2,200
2418,2008/9/3,425
2419,2008/9/4,532
2420,2008/9/5,801
2421,2008/9/8,148
2422,2008/9/9,417
2423,2008/9/10,953
2424,2008/9/11,718
2425,2008/9/12,621
2426,2008/9/15,472
2427,2008/9/16,232
2428,2008/9/17,748
2429,2008/9/18,432
2430,2008/9/19,314
2431,2008/9/22,675
2432,2008/9/23,223
2433,2008/9/24,440
2434,2008/9/25,544
2435,2008/9/26,972
2436,2008/9/29,321
2437,2008/9/30,817
2438,2008/10/1,802
2439,2008/10/2,157
2440,2008/10/3,234
2441,2008/10/6,187
2442,2008/10/7,591
2443,2008/10/8,15
2444,2008/10/9,493
2445,2008/10/10,410
2446,2008/10/13,468
2447,2008/10/14,560
2448,2008/10/15,950
2449,2008/10/16,136
2450,2008/10/17,327
2451,2008/10/20,618
2452,2008/10/21,53
2453,2008/10/22,213
2454,2008/10/23,562
2455,2008/10/24,247
2456,2008/10/27,969
2457,2008/10/28,625
2458,2008/10/29,942
2459,2008/10/30,108
2460,2008/10/31,449
2461,2008/11/3,226
2462,2008/11/4,600
2463,2008/11/5,89
2464,2008/11/6,150
2465,2008/11/7,996
2466,2008/11/10,634
2467,2008/11/11,758
2468,2008/11/12,178
2469,2008/11/13,868
2470,2008/11/14,654
2471,2008/11/17,424
2472,2008/11/18,862
2473,2008/11/19,278
2474,2008/11/20,870
2475,2008/11/21,933
2476,2008/11/24,560
2477,2008/11/25,381
2478,2008/11/26,425
2479,2008/11/27,20
2480,2008/11/28,879
2481,2008/12/1,908
2482,2008/12/2,415
2483,2008/12/3,707
2484,2008/12/4,82
2485,2008/12/5,588
2486,2008/12/8,341
2487,2008/12/9,260
2488,2008/12/10,927
2489,2008/12/11,75
2490,2008/12/12,308
2491,2008/12/15,420
2492,2008/12/16,155
2493,2008/12/17,640
2494,2008/12/18,669
2495,2008/12/19,12
2496,2008/12/22,514
2497,2008/12/23,630
2498,2008/12/24,300
2499,2008/12/25,817
2500,2008/12/26,885
2501,2008/12/29,610
2502,2008/12/30,654
2503,2009/1/5,534
2504,2009/1/6,799
2505,2009/1/7,797
2506,2009/1/8,724
2507,2009/1/9,685
2508,2009/1/12,328
2509,2009/1/13,1
2510,2009/1/14,243
2511,2009/1/15,715
2512,2009/1/16,308
2513,2009/1/19,233
2514,2009/1/20,776
2515,2009/1/21,828
2516,2009/1/22,614
2517,2009/1/23,593
2518,2009/1/26,509
2519,2009/1/27,762
2520,2009/1/28,826
2521,2009/1/29,845
2522,2009/1/30,631
2523,2009/2/2,412
2524,2009/2/3,461
2525,2009/2/4,434
2526,2009/2/5,573
2527,2009/2/6,147
2528,2009/2/9,69
2529,2009/2/10,320
2530,2009/2/11,776
2531,2009/2/12,319
2532,2009/2/13,31
2533,2009/2/16,529
2534,2009/2/17,648
2535,2009/2/18,134
2536,2009/2/19,133
2537,2009/2/20,70
2538,2009/2/23,484
2539,2009/2/24,686
2540,2009/2/25,787
2541,2009/2/26,788
2542,2009/2/27,660
2543,2009/3/2,596
2544,2009/3/3,403
2545,2009/3/4,660
2546,2009/3/5,11
2547,2009/3/6,992
2548,2009/3/9,779
2549,2009/3/10,481
2550,2009/3/11,814
2551,2009/3/12,571
2552,2009/3/13,195
2553,2009/3/16,404
2554,2009/3/17,828
2555,2009/3/18,118
2556,2009/3/19,586
2557,2009/3/20,50
2558,2009/3/23,611
2559,2009/3/24,445
2560,2009/3/25,753
2561,2009/3/26,667
2562,2009/3/27,117
2563,2009/3/30,413
2564,2009/3/31,566
2565,2009/4/1,597
2566,2009/4/2,308
2567,2009/4/3,477
2568,2009/4/6,890
2569,2009/4/7,283
2570,2009/4/8,472
2571,2009/4/9,169
2572,2009/4/10,400
2573,2009/4/13,910
2574,2009/4/14,396
2575,2009/4/15,401
2576,2009/4/16,870
2577,2009/4/17,925
2578,2009/4/20,125
2579,2009/4/21,397
2580,2009/4/22,315
2581,2009/4/23,916
2582,2009/4/24,179
2583,2009/4/27,938
2584,2009/4/28,263
2585,2009/4/29,943
2586,2009/4/30,124
2587,2009/5/1,775
2588,2009/5/4,714
2589,2009/5/5,967
2590,2009/5/6,401
2591,2009/5/7,972
2592,2009/5/8,183
2593,2009/5/11,637
2594,2009/5/12,713
2595,2009/5/13,117
2596,2009/5/14,769
2597,2009/5/15,948
2598,2009/5/18,854
2599,2009/5/19,23
2600,2009/5/20,748
2601,2009/5/21,125
2602,2009/5/22,87
2603,2009/5/25,869
2604,2009/5/26,870
2605,2009/5/27,412
2606,2009/5/28,114
2607,2009/5/29,227
2608,2009/6/1,108
2609,2009/6/2,679
2610,2009/6/3,643
2611,2009/6/4,109
2612,2009/6/5,617
2613,2009/6/8,831
2614,2009/6/9,668
2615,2009/6/10,207
2616,2009/6/11,47
2617,2009/6/12,569
2618,2009/6/15,759
2619,2009/6/16,613
2620,2009/6/17,275
2621,2009/6/18,308
2622,2009/6/19,354
2623,2009/6/22,619
2624,2009/6/23,875
2625,2009/6/24,996
2626,2009/6/25,406
2627,2009/6/26,524
2628,2009/6/29,209
2629,2009/6/30,536
2630,2009/7/1,934
2631,2009/7/2,66
2632,2009/7/3,175
2633,2009/7/6,814
2634,2009/7/7,548
2635,2009/7/8,974
2636,2009/7/9,819
2637,2009/7/10,818
2638,2009/7/13,658
2639,2009/7/14,466
2640,2009/7/15,183
2641,2009/7/16,781
2642,2009/7/17,613
2643,2009/7/20,381
2644,2009/7/21,605
2645,2009/7/22,923
2646,2009/7/23,422
2647,2009/7/24,891
2648,2009/7/27,89
2649,2009/7/28,195
2650,2009/7/29,166
2651,2009/7/30,222
2652,2009/7/31,236
2653,2009/8/3,70
2654,2009/8/4,156
2655,2009/8/5,809
2656,2009/8/6,196
2657,2009/8/7,395
2658,2009/8/10,878
2659,2009/8/11,992
2660,2009/8/12,711
2661,2009/8/13,733
2662,2009/8/14,40
2663,2009/8/17,259
2664,2009/8/18,382
2665,2009/8/19,248
2666,2009/8/20,271
2667,2009/8/21,376
2668,2009/8/24,436
2669,2009/8/25,420
2670,2009/8/26,824
2671,2009/8/27,434
2672,2009/8/28,565
2673,2009/8/31,935
2674,2009/9/1,298
2675,2009/9/2,130
2676,2009/9/3,805
2677,2009/9/4,507
2678,2009/9/7,129
2679,2009/9/8,833
2680,2009/9/9,760
2681,2009/9/10,469
2682,2009/9/11,977
2683,2009/9/14,584
2684,2009/9/15,336
2685,2009/9/16,624
2686,2009/9/17,834
2687,2009/9/18,32
2688,2009/9/21,799
2689,2009/9/22,728
2690,2009/9/23,565
2691,2009/9/24,446
2692,2009/9/25,225
2693,2009/9/28,545
2694,2009/9/29,76
2695,2009/9/30,368
2696,2009/10/1,341
2697,2009/10/2,684
2698,2009/10/5,853
2699,2009/10/6,943
2700,2009/10/7,280
2741,2009/12/3,640
2742,2009/12/4,606
2743,2009/12/7,26
2744,2009/12/8,50
2745,2009/12/9,385
2746,2009/12/10,967
2747,2009/12/11,941
2748,2009/12/14,476
2749,2009/12/15,437
2750,2009/12/16,336
2751,2009/12/17,200
2752,2009/12/18,589
2753,2009/12/21,891
2754,2009/12/22,551
2755,2009/12/23,198
2756,2009/12/24,237
2757,2009/12/25,756
2758,2009/12/28,355
2759,2009/12/29,812
2760,2009/12/30,552
2781,2010/2/1,351
2782,2010/2/2,252
2783,2010/2/3,677
2784,2010/2/4,829
2785,2010/2/5,932
2786,2010/2/8,747
2787,2010/2/9,350
2788,2010/2/10,295
2789,2010/2/11,726
2790,2010/2/12,959
2791,2010/2/15,768
2792,2010/2/16,135
2793,2010/2/17,71
2794,2010/2/18,232
2795,2010/2/19,650
2796,2010/2/22,738
2797,2010/2/23,63
2798,2010/2/24,179
2799,2010/2/25,389
2800,2010/2/26,122
2801,2010/3/1,963
2802,2010/3/2,856
2803,2010/3/3,581
2804,2010/3/4,334
2805,2010/3/5,66
2806,2010/3/8,117
2807,2010/3/9,640
2808,2010/3/10,848
2809,2010/3/11,484
2810,2010/3/12,527
2811,2010/3/15,157
2812,2010/3/16,443
2813,2010/3/17,714
2814,2010/3/18,921
2815,2010/3/19,810
2816,2010/3/22,507
2817,2010/3/23,999
2818,2010/3/24,986
2819,2010/3/25,229
2820,2010/3/26,860
2841,2010/4/26,954
2842,2010/4/27,368
2843,2010/4/28,802
2844,2010/4/29,371
2845,2010/4/30,108
2846,2010/5/3,802
2847,2010/5/4,916
2848,2010/5/5,948
2849,2010/5/6,41
2850,2010/5/7,752
2851,2010/5/10,227
2852,2010/5/11,162
2853,2010/5/12,93
2854,2010/5/13,949
2855,2010/5/14,428
2856,2010/5/17,427
2857,2010/5/18,832
2858,2010/5/19,514
2859,2010/5/20,919
2860,2010/5/21,803
2881,2010/6/21,606
2882,2010/6/22,549
2883,2010/6/23,91
2884,2010/6/24,554
2885,2010/6/25,89
2886,2010/6/28,505
2887,2010/6/29,554
2888,2010/6/30,497
2889,2010/7/1,104
2890,2010/7/2,23
2891,2010/7/5,458
2892,2010/7/6,274
2893,2010/7/7,458
2894,2010/7/8,824
2895,2010/7/9,287
2896,2010/7/12,867
2897,2010/7/13,105
2898,2010/7/14,890
2899,2010/7/15,731
2900,2010/7/16,395
2901,2010/7/19,523
2902,2010/7/20,883
2903,2010/7/21,548
2904,2010/7/22,223
2905,2010/7/23,551
2906,2010/7/26,396
2907,2010/7/27,216
2908,2010/7/28,793
2909,2010/7/29,827
2910,2010/7/30,990
2911,2010/8/2,539
2912,2010/8/3,14
2913,2010/8/4,828
2914,2010/8/5,673
2915,2010/8/6,11
2916,2010/8/9,76
2917,2010/8/10,403
2918,2010/8/11,54
2919,2010/8/12,607
2920,2010/8/13,424
2941,2010/9/13,393
2942,2010/9/14,257
2943,2010/9/15,884
2944,2010/9/16,442
2945,2010/9/17,961
2946,2010/9/20,475
2947,2010/9/21,155
2948,2010/9/22,376
2949,2010/9/23,663
2950,2010/9/24,619
2951,2010/9/27,188
2952,2010/9/28,72
2953,2010/9/29,214
2954,2010/9/30,618
2955,2010/10/1,433
2956,2010/10/4,496
2957,2010/10/5,196
2958,2010/10/6,296
2959,2010/10/7,581
2960,2010/10/8,936
2961,2010/10/11,870
2962,2010/10/12,915
2963,2010/10/13,851
2964,2010/10/14,722
2965,2010/10/15,368
2966,2010/10/18,680
2967,2010/10/19,435
2968,2010/10/20,611
2969,2010/10/21,704
2970,2010/10/22,932
2971,2010/10/25,228
2972,2010/10/26,207
2973,2010/10/27,227
2974,2010/10/28,666
2975,2010/10/29,254
2976,2010/11/1,204
2977,2010/11/2,880
2978,2010/11/3,895
2979,2010/11/4,624
2980,2010/11/5,676
3001,2010/12/6,971
3002,2010/12/7,947
3003,2010/12/8,583
3004,2010/12/9,74
3005,2010/12/10,943
3006,2010/12/13,180
3007,2010/12/14,435
3008,2010/12/15,393
3009,2010/12/16,665
3010,2010/12/17,69
3011,2010/12/20,810
3012,2010/12/21,554
3013,2010/12/22,819
3014,2010/12/23,16
3015,2010/12/24,157
3016,2010/12/27,384
3017,2010/12/28,176
3018,2010/12/29,749
3019,2010/12/30,349
3020,2011/1/4,534
3061,2011/3/2,331
3062,2011/3/3,806
3063,2011/3/4,545
3064,2011/3/7,976
3065,2011/3/8,152
3066,2011/3/9,215
3067,2011/3/10,724
3068,2011/3/11,437
3069,2011/3/14,635
3070,2011/3/15,746
3071,2011/3/16,402
3072,2011/3/17,557
3073,2011/3/18,95
3074,2011/3/21,138
3075,2011/3/22,318
3076,2011/3/23,261
3077,2011/3/24,704
3078,2011/3/25,298
3079,2011/3/28,335
3080,2011/3/29,680
3121,2011/5/25,655
3122,2011/5/26,199
3123,2011/5/27,359
3124,2011/5/30,91
3125,2011/5/31,253
3126,2011/6/1,82
3127,2011/6/2,168
3128,2011/6/3,719
3129,2011/6/6,580
3130,2011/6/7,998
3131,2011/6/8,910
3132,2011/6/9,600
3133,2011/6/10,922
3134,2011/6/13,201
3135,2011/6/14,655
3136,2011/6/15,944
3137,2011/6/16,397
3138,2011/6/17,5
3139,2011/6/20,714
3140,2011/6/21,643
3161,2011/7/20,319
3162,2011/7/21,534
3163,2011/7/22,571
3164,2011/7/25,420
3165,2011/7/26,954
3166,2011/7/27,706
3167,2011/7/28,759
3168,2011/7/29,622
3169,2011/8/1,983
3170,2011/8/2,6
3171,2011/8/3,981
3172,2011/8/4,815
3173,2011/8/5,811
3174,2011/8/8,449
3175,2011/8/9,676
3176,2011/8/10,662
3177,2011/8/11,376
3178,2011/8/12,767
3179,2011/8/15,391
3180,2011/8/16,293
3201,2011/9/14,286
3202,2011/9/15,606
3203,2011/9/16,966
3204,2011/9/19,203
3205,2011/9/20,316
3206,2011/9/21,874
3207,2011/9/22,251
3208,2011/9/23,703
3209,2011/9/26,180
3210,2011/9/27,679
3211,2011/9/28,232
3212,2011/9/29,404
3213,2011/9/30,978
3214,2011/10/3,418
3215,2011/10/4,854
3216,2011/10/5,256
3217,2011/10/6,47
3218,2011/10/7,208
3219,2011/10/10,393
3220,2011/10/11,644
3241,2011/11/9,252
3242,2011/11/10,901
3243,2011/11/11,798
3244,2011/11/14,124
3245,2011/11/15,103
3246,2011/11/16,213
3247,2011/11/17,660
3248,2011/11/18,875
3249,2011/11/21,984
3250,2011/11/22,835
3251,2011/11/23,347
3252,2011/11/24,642
3253,2011/11/25,90
3254,2011/11/28,180
3255,2011/11/29,861
3256,2011/11/30,267
3257,2011/12/1,300
3258,2011/12/2,883
3259,2011/12/5,48
3260,2011/12/6,603
3261,2011/12/7,318
3262,2011/12/8,174
3263,2011/12/9,166
3264,2011/12/12,188
3265,2011/12/13,317
3266,2011/12/14,29
3267,2011/12/15,409
3268,2011/12/16,591
3269,2011/12/19,526
3270,2011/12/20,853
3271,2011/12/21,198
3272,2011/12/22,45
3273,2011/12/23,427
3274,2011/12/26,29
3275,2011/12/27,941
3276,2011/12/28,228
3277,2011/12/29,389
3278,2011/12/30,786
3279,2012/1/4,416
3280,2012/1/5,447
3301,2012/2/3,768
3302,2012/2/6,871
3303,2012/2/7,933
3304,2012/2/8,890
3305,2012/2/9,359
3306,2012/2/10,5
3307,2012/2/13,732
3308,2012/2/14,219
3309,2012/2/15,59
3310,2012/2/16,668
3311,2012/2/17,629
3312,2012/2/20,563
3313,2012/2/21,126
3314,2012/2/22,141
3315,2012/2/23,366
3316,2012/2/24,267
3317,2012/2/27,343
3318,2012/2/28,490
3319,2012/2/29,874
3320,2012/3/1,12
3361,2012/4/27,564
3362,2012/4/30,448
3363,2012/5/1,905
3364,2012/5/2,138
3365,2012/5/3,64
3366,2012/5/4,409
3367,2012/5/7,701
3368,2012/5/8,685
3369,2012/5/9,214
3370,2012/5/10,535
3371,2012/5/11,439
3372,2012/5/14,301
3373,2012/5/15,709
3374,2012/5/16,286
3375,2012/5/17,885
3376,2012/5/18,156
3377,2012/5/21,828
3378,2012/5/22,768
3379,2012/5/23,73
3380,2012/5/24,547
3421,2012/7/20,515
3422,2012/7/23,615
3423,2012/7/24,59
3424,2012/7/25,899
3425,2012/7/26,506
3426,2012/7/27,726
3427,2012/7/30,486
3428,2012/7/31,916
3429,2012/8/1,568
3430,2012/8/2,261
3431,2012/8/3,360
3432,2012/8/6,55
3433,2012/8/7,788
3434,2012/8/8,121
3435,2012/8/9,343
3436,2012/8/10,90
3437,2012/8/13,302
3438,2012/8/14,333
3439,2012/8/15,430
3440,2012/8/16,979
3461,2012/9/14,445
3462,2012/9/17,784
3463,2012/9/18,731
3464,2012/9/19,728
3465,2012/9/20,49
3466,2012/9/21,59
3467,2012/9/24,715
3468,2012/9/25,100
3469,2012/9/26,466
3470,2012/9/27,660
3471,2012/9/28,928
3472,2012/10/1,274
3473,2012/10/2,298
3474,2012/10/3,498
3475,2012/10/4,116
3476,2012/10/5,851
3477,2012/10/8,782
3478,2012/10/9,144
3479,2012/10/10,42
3480,2012/10/11,612
3481,2012/10/12,472
3482,2012/10/15,63
3483,2012/10/16,236
3484,2012/10/17,33
3485,2012/10/18,662
3486,2012/10/19,320
3487,2012/10/22,714
3488,2012/10/23,240
3489,2012/10/24,341
3490,2012/10/25,837
3491,2012/10/26,697
3492,2012/10/29,480
3493,2012/10/30,804
3494,2012/10/31,264
3495,2012/11/1,778
3496,2012/11/2,561
3497,2012/11/5,620
3498,2012/11/6,44
3499,2012/11/7,85
3500,2012/11/8,966
3521,2012/12/7,167
3522,2012/12/10,540
3523,2012/12/11,776
3524,2012/12/12,249
3525,2012/12/13,374
3526,2012/12/14,282
3527,2012/12/17,141
3528,2012/12/18,199
3529,2012/12/19,36
3530,2012/12/20,619
3531,2012/12/21,273
3532,2012/12/24,579
3533,2012/12/25,296
3534,2012/12/26,426
3535,2012/12/27,836
3536,2012/12/28,889
3537,2013/1/4,609
3538,2013/1/7,778
3539,2013/1/8,877
3540,2013/1/9,239
3541,2013/1/10,240
3542,2013/1/11,44
3543,2013/1/14,238
3544,2013/1/15,447
3545,2013/1/16,663
3546,2013/1/17,433
3547,2013/1/18,228
3548,2013/1/21,871
3549,2013/1/22,68
3550,2013/1/23,352
3551,2013/1/24,794
3552,2013/1/25,272
3553,2013/1/28,481
3554,2013/1/29,533
3555,2013/1/30,15
3556,2013/1/31,158
3557,2013/2/1,844
3558,2013/2/4,258
3559,2013/2/5,300
3560,2013/2/6,68
3581,2013/3/7,158
3582,2013/3/8,168
3583,2013/3/11,898
3584,2013/3/12,986
3585,2013/3/13,980
3586,2013/3/14,528
3587,2013/3/15,888
3588,2013/3/18,369
3589,2013/3/19,349
3590,2013/3/20,333
3591,2013/3/21,735
3592,2013/3/22,448
3593,2013/3/25,291
3594,2013/3/26,782
3595,2013/3/27,538
3596,2013/3/28,510
3597,2013/3/29,259
3598,2013/4/1,44
3599,2013/4/2,344
3600,2013/4/3,893
3601,2013/4/4,422
3602,2013/4/5,318
3603,2013/4/8,233
3604,2013/4/9,582
3605,2013/4/10,45
3606,2013/4/11,102
3607,2013/4/12,318
3608,2013/4/15,760
3609,2013/4/16,210
3610,2013/4/17,114
3611,2013/4/18,44
3612,2013/4/19,3
3613,2013/4/22,947
3614,2013/4/23,715
3615,2013/4/24,722
3616,2013/4/25,294
3617,2013/4/26,921
3618,2013/4/29,693
3619,2013/4/30,706
3620,2013/5/1,104
3641,2013/5/30,41
3642,2013/5/31,953
3643,2013/6/3,723
3644,2013/6/4,611
3645,2013/6/5,143
3646,2013/6/6,292
3647,2013/6/7,4
3648,2013/6/10,497
3649,2013/6/11,137
3650,2013/6/12,378
3651,2013/6/13,165
3652,2013/6/14,477
3653,2013/6/17,883
3654,2013/6/18,481
3655,2013/6/19,238
3656,2013/6/20,31
3657,2013/6/21,527
3658,2013/6/24,68
3659,2013/6/25,32
3660,2013/6/26,314
3661,2013/6/27,725
3662,2013/6/28,848
3663,2013/7/1,790
3664,2013/7/2,307
3665,2013/7/3,587
3666,2013/7/4,812
3667,2013/7/5,676
3668,2013/7/8,551
3669,2013/7/9,82
3670,2013/7/10,343
3671,2013/7/11,820
3672,2013/7/12,456
3673,2013/7/15,940
3674,2013/7/16,950
3675,2013/7/17,44
3676,2013/7/18,195
3677,2013/7/19,235
3678,2013/7/22,342
3679,2013/7/23,293
3680,2013/7/24,346
3701,2013/8/22,850
3702,2013/8/23,294
3703,2013/8/26,893
3704,2013/8/27,682
3705,2013/8/28,793
3706,2013/8/29,351
3707,2013/8/30,311
3708,2013/9/2,501
3709,2013/9/3,204
3710,2013/9/4,975
3711,2013/9/5,536
3712,2013/9/6,791
3713,2013/9/9,547
3714,2013/9/10,300
3715,2013/9/11,192
3716,2013/9/12,537
3717,2013/9/13,511
3718,2013/9/16,137
3719,2013/9/17,760
3720,2013/9/18,595
3761,2013/11/14,14
3762,2013/11/15,638
3763,2013/11/18,439
3764,2013/11/19,484
3765,2013/11/20,721
3766,2013/11/21,922
3767,2013/11/22,983
3768,2013/11/25,81
3769,2013/11/26,975
3770,2013/11/27,724
3771,2013/11/28,244
3772,2013/11/29,842
3773,2013/12/2,421
3774,2013/12/3,752
3775,2013/12/4,928
3776,2013/12/5,674
3777,2013/12/6,443
3778,2013/12/9,542
3779,2013/12/10,23
3780,2013/12/11,622
3821,2014/2/12,951
3822,2014/2/13,805
3823,2014/2/14,709
3824,2014/2/17,271
3825,2014/2/18,687
3826,2014/2/19,722
3827,2014/2/20,99
3828,2014/2/21,172
3829,2014/2/24,287
3830,2014/2/25,61
3831,2014/2/26,272
3832,2014/2/27,171
3833,2014/2/28,101
3834,2014/3/3,992
3835,2014/3/4,834
3836,2014/3/5,624
3837,2014/3/6,87
3838,2014/3/7,169
3839,2014/3/10,975
3840,2014/3/11,661
3841,2014/3/12,558
3842,2014/3/13,619
3843,2014/3/14,784
3844,2014/3/17,198
3845,2014/3/18,729
3846,2014/3/19,45
3847,2014/3/20,608
3848,2014/3/21,787
3849,2014/3/24,263
3850,2014/3/25,636
3851,2014/3/26,710
3852,2014/3/27,841
3853,2014/3/28,643
3854,2014/3/31,98
3855,2014/4/1,108
3856,2014/4/2,606
3857,2014/4/3,858
3858,2014/4/4,740
3859,2014/4/7,942
3860,2014/4/8,701
3881,2014/5/7,297
3882,2014/5/8,353
3883,2014/5/9,154
3884,2014/5/12,367
3885,2014/5/13,934
3886,2014/5/14,463
3887,2014/5/15,153
3888,2014/5/16,65
3889,2014/5/19,836
3890,2014/5/20,281
3891,2014/5/21,746
3892,2014/5/22,433
3893,2014/5/23,34
3894,2014/5/26,86
3895,2014/5/27,845
3896,2014/5/28,474
3897,2014/5/29,761
3898,2014/5/30,839
3899,2014/6/2,468
3900,2014/6/3,327
3921,2014/7/2,953
3922,2014/7/3,307
3923,2014/7/4,583
3924,2014/7/7,76
3925,2014/7/8,856
3926,2014/7/9,389
3927,2014/7/10,647
3928,2014/7/11,398
3929,2014/7/14,61
3930,2014/7/15,495
3931,2014/7/16,239
3932,2014/7/17,621
3933,2014/7/18,790
3934,2014/7/21,954
3935,2014/7/22,197
3936,2014/7/23,59
3937,2014/7/24,70
3938,2014/7/25,498
3939,2014/7/28,190
3940,2014/7/29,234
3941,2014/7/30,392
3942,2014/7/31,649
3943,2014/8/1,940
3944,2014/8/4,764
3945,2014/8/5,955
3946,2014/8/6,933
3947,2014/8/7,857
3948,2014/8/8,31
3949,2014/8/11,793
3950,2014/8/12,448
3951,2014/8/13,528
3952,2014/8/14,371
3953,2014/8/15,122
3954,2014/8/18,425
3955,2014/8/19,701
3956,2014/8/20,852
3957,2014/8/21,59
3958,2014/8/22,685
3959,2014/8/25,105
3960,2014/8/26,958
4001,2014/10/22,373
4002,2014/10/23,336
4003,2014/10/24,799
4004,2014/10/27,444
4005,2014/10/28,260
4006,2014/10/29,9
4007,2014/10/30,274
4008,2014/10/31,885
4009,2014/11/3,40
4010,2014/11/4,832
4011,2014/11/5,861
4012,2014/11/6,551
4013,2014/11/7,866
4014,2014/11/10,611
4015,2014/11/11,181
4016,2014/11/12,112
4017,2014/11/13,277
4018,2014/11/14,194
4019,2014/11/17,335
4020,2014/11/18,618
4061,2015/1/19,222
4062,2015/1/20,597
4063,2015/1/21,772
4064,2015/1/22,849
4065,2015/1/23,432
4066,2015/1/26,996
4067,2015/1/27,722
4068,2015/1/28,740
4069,2015/1/29,809
4070,2015/1/30,355
4071,2015/2/2,192
4072,2015/2/3,250
4073,2015/2/4,365
4074,2015/2/5,690
4075,2015/2/6,201
4076,2015/2/9,377
4077,2015/2/10,583
4078,2015/2/11,266
4079,2015/2/12,349
4080,2015/2/13,539
4101,2015/3/16,813
4102,2015/3/17,607
4103,2015/3/18,944
4104,2015/3/19,339
4105,2015/3/20,663
4106,2015/3/23,11
4107,2015/3/24,245
4108,2015/3/25,427
4109,2015/3/26,908
4110,2015/3/27,928
4111,2015/3/30,187
4112,2015/3/31,7
4113,2015/4/1,336
4114,2015/4/2,677
4115,2015/4/3,845
4116,2015/4/6,159
4117,2015/4/7,589
4118,2015/4/8,521
4119,2015/4/9,988
4120,2015/4/10,658
4121,2015/4/13,507
4122,2015/4/14,986
4123,2015/4/15,675
4124,2015/4/16,9
4125,2015/4/17,348
4126,2015/4/20,164
4127,2015/4/21,222
4128,2015/4/22,220
4129,2015/4/23,81
4130,2015/4/24,153
4131,2015/4/27,190
4132,2015/4/28,450
4133,2015/4/29,899
4134,2015/4/30,242
4135,2015/5/1,897
4136,2015/5/4,636
4137,2015/5/5,856
4138,2015/5/6,906
4139,2015/5/7,905
4140,2015/5/8,440
4161,2015/6/8,81
4162,2015/6/9,240
4163,2015/6/10,455
4164,2015/6/11,402
4165,2015/6/12,549
4166,2015/6/15,690
4167,2015/6/16,589
4168,2015/6/17,451
4169,2015/6/18,313
4170,2015/6/19,258
4171,2015/6/22,880
4172,2015/6/23,454
4173,2015/6/24,691
4174,2015/6/25,885
4175,2015/6/26,86
4176,2015/6/29,319
4177,2015/6/30,686
4178,2015/7/1,470
4179,2015/7/2,516
4180,2015/7/3,447
4181,2015/7/6,174
4182,2015/7/7,97
4183,2015/7/8,583
4184,2015/7/9,590
4185,2015/7/10,818
4186,2015/7/13,721
4187,2015/7/14,279
4188,2015/7/15,23
4189,2015/7/16,334
4190,2015/7/17,598
4191,2015/7/20,844
4192,2015/7/21,895
4193,2015/7/22,13
4194,2015/7/23,300
4195,2015/7/24,468
4196,2015/7/27,287
4197,2015/7/28,80
4198,2015/7/29,461
4199,2015/7/30,409
4200,2015/7/31,4
4221,2015/8/31,763
4222,2015/9/1,104
4223,2015/9/2,787
4224,2015/9/3,890
4225,2015/9/4,489
4226,2015/9/7,678
4227,2015/9/8,423
4228,2015/9/9,896
4229,2015/9/10,468
4230,2015/9/11,549
4231,2015/9/14,820
4232,2015/9/15,759
4233,2015/9/16,117
4234,2015/9/17,306
4235,2015/9/18,302
4236,2015/9/21,243
4237,2015/9/22,264
4238,2015/9/23,144
4239,2015/9/24,924
4240,2015/9/25,792
4241,2015/9/28,191
4242,2015/9/29,166
4243,2015/9/30,945
4244,2015/10/1,203
4245,2015/10/2,468
4246,2015/10/5,173
4247,2015/10/6,524
4248,2015/10/7,425
4249,2015/10/8,321
4250,2015/10/9,658
4251,2015/10/12,185
4252,2015/10/13,418
4253,2015/10/14,119
4254,2015/10/15,288
4255,2015/10/16,503
4256,2015/10/19,363
4257,2015/10/20,504
4258,2015/10/21,458
4259,2015/10/22,396
4260,2015/10/23,686
4301,2015/12/21,530
4302,2015/12/22,454
4303,2015/12/23,447
4304,2015/12/24,187
4305,2015/12/25,166
4306,2015/12/28,549
4307,2015/12/29,710
4308,2015/12/30,350
4309,2016/1/4,748
4310,2016/1/5,988
4311,2016/1/6,274
4312,2016/1/7,603
4313,2016/1/8,797
4314,2016/1/11,787
4315,2016/1/12,946
4316,2016/1/13,81
4317,2016/1/14,727
4318,2016/1/15,992
4319,2016/1/18,283
4320,2016/1/19,392
4321,2016/1/20,814
4322,2016/1/21,725
4323,2016/1/22,751
4324,2016/1/25,211
4325,2016/1/26,564
4326,2016/1/27,504
4327,2016/1/28,234
4328,2016/1/29,694
4329,2016/2/1,366
4330,2016/2/2,602
4331,2016/2/3,712
4332,2016/2/4,182
4333,2016/2/5,418
4334,2016/2/8,305
4335,2016/2/9,344
4336,2016/2/10,307
4337,2016/2/11,136
4338,2016/2/12,147
4339,2016/2/15,886
4340,2016/2/16,721
4361,2016/3/16,937
4362,2016/3/17,146
4363,2016/3/18,213
4364,2016/3/21,257
4365,2016/3/22,187
4366,2016/3/23,355
4367,2016/3/24,207
4368,2016/3/25,913
4369,2016/3/28,457
4370,2016/3/29,446
4371,2016/3/30,622
4372,2016/3/31,654
4373,2016/4/1,375
4374,2016/4/4,304
4375,2016/4/5,602
4376,2016/4/6,878
4377,2016/4/7,65
4378,2016/4/8,863
4379,2016/4/11,900
4380,2016/4/12,813
4381,2016/4/13,763
4382,2016/4/14,661
4383,2016/4/15,836
4384,2016/4/18,180
4385,2016/4/19,230
4386,2016/4/20,660
4387,2016/4/21,603
4388,2016/4/22,99
4389,2016/4/25,188
4390,2016/4/26,263
4391,2016/4/27,962
4392,2016/4/28,183
4393,2016/4/29,183
4394,2016/5/2,701
4395,2016/5/3,732
4396,2016/5/4,942
4397,2016/5/5,987
4398,2016/5/6,528
4399,2016/5/9,468
4400,2016/5/10,933
4421,2016/6/8,262
4422,2016/6/9,355
4423,2016/6/10,809
4424,2016/6/13,244
4425,2016/6/14,543
4426,2016/6/15,742
4427,2016/6/16,370
4428,2016/6/17,63
4429,2016/6/20,724
4430,2016/6/21,615
4431,2016/6/22,125
4432,2016/6/23,693
4433,2016/6/24,88
4434,2016/6/27,440
4435,2016/6/28,546
4436,2016/6/29,748
4437,2016/6/30,602
4438,2016/7/1,958
4439,2016/7/4,728
4440,2016/7/5,514
4441,2016/7/6,510
4442,2016/7/7,3
4443,2016/7/8,443
4444,2016/7/11,826
4445,2016/7/12,716
4446,2016/7/13,291
4447,2016/7/14,1
4448,2016/7/15,292
4449,2016/7/18,914
4450,2016/7/19,804
4451,2016/7/20,451
4452,2016/7/21,95
4453,2016/7/22,141
4454,2016/7/25,97
4455,2016/7/26,356
4456,2016/7/27,52
4457,2016/7/28,47
4458,2016/7/29,532
4459,2016/8/1,806
4460,2016/8/2,206
4481,2016/8/31,103
4482,2016/9/1,54
4483,2016/9/2,284
4484,2016/9/5,337
4485,2016/9/6,509
4486,2016/9/7,701
4487,2016/9/8,346
4488,2016/9/9,879
4489,2016/9/12,450
4490,2016/9/13,437
4491,2016/9/14,927
4492,2016/9/15,53
4493,2016/9/16,804
4494,2016/9/19,470
4495,2016/9/20,401
4496,2016/9/21,211
4497,2016/9/22,373
4498,2016/9/23,947
4499,2016/9/26,545
4500,2016/9/27,237
4541,2016/11/23,850
4542,2016/11/24,839
4543,2016/11/25,609
4544,2016/11/28,90
4545,2016/11/29,217
4546,2016/11/30,628
4547,2016/12/1,939
4548,2016/12/2,336
4549,2016/12/5,43
4550,2016/12/6,699
4551,2016/12/7,367
4552,2016/12/8,87
4553,2016/12/9,721
4554,2016/12/12,687
4555,2016/12/13,231
4556,2016/12/14,915
4557,2016/12/15,679
4558,2016/12/16,73
4559,2016/12/19,137
4560,2016/12/20,513
4561,2016/12/21,651
4562,2016/12/22,291
4563,2016/12/23,153
4564,2016/12/26,934
4565,2016/12/27,837
4566,2016/12/28,7
4567,2016/12/29,415
4568,2016/12/30,767
4569,2017/1/4,450
4570,2017/1/5,387
4571,2017/1/6,714
4572,2017/1/9,76
4573,2017/1/10,339
4574,2017/1/11,694
4575,2017/1/12,575
4576,2017/1/13,211
4577,2017/1/16,85
4578,2017/1/17,649
4579,2017/1/18,745
4580,2017/1/19,697
4601,2017/2/17,15
4602,2017/2/20,890
4603,2017/2/21,866
4604,2017/2/22,893
4605,2017/2/23,840
4606,2017/2/24,631
4607,2017/2/27,147
4608,2017/2/28,788
4609,2017/3/1,157
4610,2017/3/2,449
4611,2017/3/3,111
4612,2017/3/6,226
4613,2017/3/7,868
4614,2017/3/8,959
4615,2017/3/9,960
4616,2017/3/10,689
4617,2017/3/13,785
4618,2017/3/14,101
4619,2017/3/15,789
4620,2017/3/16,101
4621,2017/3/17,692
4622,2017/3/20,164
4623,2017/3/21,64
4624,2017/3/22,712
4625,2017/3/23,405
4626,2017/3/24,719
4627,2017/3/27,546
4628,2017/3/28,619
4629,2017/3/29,53
4630,2017/3/30,638
4631,2017/3/31,226
4632,2017/4/3,66
4633,2017/4/4,642
4634,2017/4/5,374
4635,2017/4/6,984
4636,2017/4/7,132
4637,2017/4/10,473
4638,2017/4/11,81
4639,2017/4/12,353
4640,2017/4/13,67
4661,2017/5/12,922
4662,2017/5/15,682
4663,2017/5/16,17
4664,2017/5/17,597
4665,2017/5/18,423
4666,2017/5/19,909
4667,2017/5/22,52
4668,2017/5/23,509
4669,2017/5/24,307
4670,2017/5/25,39
4671,2017/5/26,41
4672,2017/5/29,990
4673,2017/5/30,537
4674,2017/5/31,471
4675,2017/6/1,570
4676,2017/6/2,622
4677,2017/6/5,873
4678,2017/6/6,289
4679,2017/6/7,870
4680,2017/6/8,37
4681,2017/6/9,908
4682,2017/6/12,172
4683,2017/6/13,577
4684,2017/6/14,428
4685,2017/6/15,501
4686,2017/6/16,540
4687,2017/6/19,874
4688,2017/6/20,671
4689,2017/6/21,311
4690,2017/6/22,375
4691,2017/6/23,811
4692,2017/6/26,242
4693,2017/6/27,171
4694,2017/6/28,796
4695,2017/6/29,208
4696,2017/6/30,161
4697,2017/7/3,871
4698,2017/7/4,713
4699,2017/7/5,749
4700,2017/7/6,817
4721,2017/8/4,82
4722,2017/8/7,207
4723,2017/8/8,594
4724,2017/8/9,97
4725,2017/8/10,229
4726,2017/8/11,347
4727,2017/8/14,693
4728,2017/8/15,201
4729,2017/8/16,508
4730,2017/8/17,711
4731,2017/8/18,105
4732,2017/8/21,933
4733,2017/8/22,15
4734,2017/8/23,409
4735,2017/8/24,432
4736,2017/8/25,253
4737,2017/8/28,185
4738,2017/8/29,153
4739,2017/8/30,862
4740,2017/8/31,7
4741,2017/9/1,906
4742,2017/9/4,630
4743,2017/9/5,58
4744,2017/9/6,301
4745,2017/9/7,297
4746,2017/9/8,707
4747,2017/9/11,199
4748,2017/9/12,147
4749,2017/9/13,302
4750,2017/9/14,648
4751,2017/9/15,132
4752,2017/9/18,372
4753,2017/9/19,5
4754,2017/9/20,684
4755,2017/9/21,276
4756,2017/9/22,222
4757,2017/9/25,313
4758,2017/9/26,214
4759,2017/9/27,228
4760,2017/9/28,347
4781,2017/10/27,830
4782,2017/10/30,205
4783,2017/10/31,23
4784,2017/11/1,46
4785,2017/11/2,501
4786,2017/11/3,221
4787,2017/11/6,996
4788,2017/11/7,496
4789,2017/11/8,714
4790,2017/11/9,836
4791,2017/11/10,621
4792,2017/11/13,732
4793,2017/11/14,523
4794,2017/11/15,385
4795,2017/11/16,754
4796,2017/11/17,434
4797,2017/11/20,891
4798,2017/11/21,176
4799,2017/11/22,609
4800,2017/11/23,794
4801,2017/11/24,177
4802,2017/11/27,173
4803,2017/11/28,261
4804,2017/11/29,782
4805,2017/11/30,820
4806,2017/12/1,242
4807,2017/12/4,945
4808,2017/12/5,233
4809,2017/12/6,218
4810,2017/12/7,618
4811,2017/12/8,937
4812,2017/12/11,278
4813,2017/12/12,276
4814,2017/12/13,43
4815,2017/12/14,78
4816,2017/12/15,542
4817,2017/12/18,325
4818,2017/12/19,162
4819,2017/12/20,351
4820,2017/12/21,663
4841,2018/1/24,92
4842,2018/1/25,282
4843,2018/1/26,956
4844,2018/1/29,415
4845,2018/1/30,432
4846,2018/1/31,437
4847,2018/2/1,546
4848,2018/2/2,291
4849,2018/2/5,461
4850,2018/2/6,139
4851,2018/2/7,138
4852,2018/2/8,448
4853,2018/2/9,936
4854,2018/2/12,221
4855,2018/2/13,876
4856,2018/2/14,347
4857,2018/2/15,631
4858,2018/2/16,725
4859,2018/2/19,949
4860,2018/2/20,271
4861,2018/2/21,545
4862,2018/2/22,320
4863,2018/2/23,60
4864,2018/2/26,60
4865,2018/2/27,350
4866,2018/2/28,839
4867,2018/3/1,382
4868,2018/3/2,776
4869,2018/3/5,411
4870,2018/3/6,586
4871,2018/3/7,45
4872,2018/3/8,123
4873,2018/3/9,720
4874,2018/3/12,497
4875,2018/3/13,243
4876,2018/3/14,363
4877,2018/3/15,236
4878,2018/3/16,399
4879,2018/3/19,217
4880,2018/3/20,118
4901,2018/4/18,984
4902,2018/4/19,159
4903,2018/4/20,955
4904,2018/4/23,716
4905,2018/4/24,936
4906,2018/4/25,81
4907,2018/4/26,355
4908,2018/4/27,714
4909,2018/4/30,2
4910,2018/5/1,440
4911,2018/5/2,372
4912,2018/5/3,589
4913,2018/5/4,119
4914,2018/5/7,299
4915,2018/5/8,909
4916,2018/5/9,37
4917,2018/5/10,402
4918,2018/5/11,30
4919,2018/5/14,604
4920,2018/5/15,497
4961,2018/7/11,223
4962,2018/7/12,205
4963,2018/7/13,989
4964,2018/7/16,176
4965,2018/7/17,877
4966,2018/7/18,580
4967,2018/7/19,51
4968,2018/7/20,115
4969,2018/7/23,330
4970,2018/7/24,977
4971,2018/7/25,778
4972,2018/7/26,220
4973,2018/7/27,241
4974,2018/7/30,96
4975,2018/7/31,430
4976,2018/8/1,918
4977,2018/8/2,644
4978,2018/8/3,646
4979,2018/8/6,47
4980,2018/8/7,260
5021,2018/10/3,877
5022,2018/10/4,449
5023,2018/10/5,233
5024,2018/10/8,361
5025,2018/10/9,368
5026,2018/10/10,131
5027,2018/10/11,46
5028,2018/10/12,46
5029,2018/10/15,352
5030,2018/10/16,870
5031,2018/10/17,271
5032,2018/10/18,83
5033,2018/10/19,930
5034,2018/10/22,98
5035,2018/10/23,12
5036,2018/10/24,49
5037,2018/10/25,594
5038,2018/10/26,244
5039,2018/10/29,453
5040,2018/10/30,546
5081,2018/12/26,644
5082,2018/12/27,80
5083,2018/12/28,234
5084,2019/1/4,804
5085,2019/1/7,755
5086,2019/1/8,88
5087,2019/1/9,733
5088,2019/1/10,654
5089,2019/1/11,953
5090,2019/1/14,650
5091,2019/1/15,608
5092,2019/1/16,704
5093,2019/1/17,162
5094,2019/1/18,616
5095,2019/1/21,702
5096,2019/1/22,637
5097,2019/1/23,249
5098,2019/1/24,547
5099,2019/1/25,79
5100,2019/1/28,647
5121,2019/2/26,635
5122,2019/2/27,663
5123,2019/2/28,366
5124,2019/3/1,958
5125,2019/3/4,123
5126,2019/3/5,892
5127,2019/3/6,637
5128,2019/3/7,757
5129,2019/3/8,97
5130,2019/3/11,302
5131,2019/3/12,30
5132,2019/3/13,413
5133,2019/3/14,449
5134,2019/3/15,652
5135,2019/3/18,631
5136,2019/3/19,998
5137,2019/3/20,431
5138,2019/3/21,378
5139,2019/3/22,148
5140,2019/3/25,887
5141,2019/3/26,556
5142,2019/3/27,247
5143,2019/3/28,967
5144,2019/3/29,960
5145,2019/4/1,373
5146,2019/4/2,502
5147,2019/4/3,942
5148,2019/4/4,391
5149,2019/4/5,699
5150,2019/4/8,169
5151,2019/4/9,745
5152,2019/4/10,511
5153,2019/4/11,26
5154,2019/4/12,906
5155,2019/4/15,167
5156,2019/4/16,607
5157,2019/4/17,765
5158,2019/4/18,145
5159,2019/4/19,984
5160,2019/4/22,764
5181,2019/5/21,193
5182,2019/5/22,522
5183,2019/5/23,381
5184,2019/5/24,682
5185,2019/5/27,718
5186,2019/5/28,77
5187,2019/5/29,779
5188,2019/5/30,731
5189,2019/5/31,943
5190,2019/6/3,383
5191,2019/6/4,755
5192,2019/6/5,342
5193,2019/6/6,856
5194,2019/6/7,397
5195,2019/6/10,814
5196,2019/6/11,80
5197,2019/6/12,246
5198,2019/6/13,560
5199,2019/6/14,683
5200,2019/6/17,226
5201,2019/6/18,55
5202,2019/6/19,377
5203,2019/6/20,942
5204,2019/6/21,180
5205,2019/6/24,11
5206,2019/6/25,957
5207,2019/6/26,720
5208,2019/6/27,928
5209,2019/6/28,202
5210,2019/7/1,937
5211,2019/7/2,214
5212,2019/7/3,297
5213,2019/7/4,951
5214,2019/7/5,782
5215,2019/7/8,458
5216,2019/7/9,739
5217,2019/7/10,763
5218,2019/7/11,736
5219,2019/7/12,273
5220,2019/7/15,47
5241,2019/8/13,426
5242,2019/8/14,882
5243,2019/8/15,557
5244,2019/8/16,254
5245,2019/8/19,9
5246,2019/8/20,554
5247,2019/8/21,430
5248,2019/8/22,297
5249,2019/8/23,633
5250,2019/8/26,848
5251,2019/8/27,680
5252,2019/8/28,246
5253,2019/8/29,856
5254,2019/8/30,43
5255,2019/9/2,971
5256,2019/9/3,874
5257,2019/9/4,12
5258,2019/9/5,773
5259,2019/9/6,489
5260,2019/9/9,32
5301,2019/11/5,601
5302,2019/11/6,219
5303,2019/11/7,612
5304,2019/11/8,153
5305,2019/11/11,544
5306,2019/11/12,961
5307,2019/11/13,828
5308,2019/11/14,831
5309,2019/11/15,818
5310,2019/11/18,275
5311,2019/11/19,695
5312,2019/11/20,363
5313,2019/11/21,204
5314,2019/11/22,94
5315,2019/11/25,962
5316,2019/11/26,118
5317,2019/11/27,565
5318,2019/11/28,491
5319,2019/11/29,339
5320,2019/12/2,448
5341,2020/1/6,887
5342,2020/1/7,109
5343,2020/1/8,527
5344,2020/1/9,409
5345,2020/1/10,785
5346,2020/1/13,705
5347,2020/1/14,428
5348,2020/1/15,565
5349,2020/1/16,592
5350,2020/1/17,626
5351,2020/1/20,485
5352,2020/1/21,69
5353,2020/1/22,444
5354,2020/1/23,366
5355,2020/1/24,629
5356,2020/1/27,345
5357,2020/1/28,2
5358,2020/1/29,312
5359,2020/1/30,472
5360,2020/1/31,436
5381,2020/3/2,843
5382,2020/3/3,178
5383,2020/3/4,452
5384,2020/3/5,73
5385,2020/3/6,162
5386,2020/3/9,921
5387,2020/3/10,372
5388,2020/3/11,168
5389,2020/3/12,233
5390,2020/3/13,504
5391,2020/3/16,983
5392,2020/3/17,679
5393,2020/3/18,738
5394,2020/3/19,376
5395,2020/3/20,397
5396,2020/3/23,63
5397,2020/3/24,477
5398,2020/3/25,509
5399,2020/3/26,930
5400,2020/3/27,938
5421,2020/4/27,867
5422,2020/4/28,843
5423,2020/4/29,457
5424,2020/4/30,54
5425,2020/5/1,815
5426,2020/5/4,534
5427,2020/5/5,809
5428,2020/5/6,348
5429,2020/5/7,33
5430,2020/5/8,278
5431,2020/5/11,837
5432,2020/5/12,996
5433,2020/5/13,860
5434,2020/5/14,700
5435,2020/5/15,325
5436,2020/5/18,803
5437,2020/5/19,162
5438,2020/5/20,729
5439,2020/5/21,684
5440,2020/5/22,406
5441,2020/5/25,663
5442,2020/5/26,178
5443,2020/5/27,551
5444,2020/5/28,343
5445,2020/5/29,892
5446,2020/6/1,536
5447,2020/6/2,202
5448,2020/6/3,697
5449,2020/6/4,432
5450,2020/6/5,863
5451,2020/6/8,507
5452,2020/6/9,744
5453,2020/6/10,774
5454,2020/6/11,383
5455,2020/6/12,78
5456,2020/6/15,712
5457,2020/6/16,826
5458,2020/6/17,153
5459,2020/6/18,365
5460,2020/6/19,734
5481,2020/7/20,350
5482,2020/7/21,378
5483,2020/7/22,637
5484,2020/7/23,97
5485,2020/7/24,224
5486,2020/7/27,495
5487,2020/7/28,8
5488,2020/7/29,902
5489,2020/7/30,555
5490,2020/7/31,130
5491,2020/8/3,9
5492,2020/8/4,113
5493,2020/8/5,229
5494,2020/8/6,796
5495,2020/8/7,332
5496,2020/8/10,681
5497,2020/8/11,871
5498,2020/8/12,640
5499,2020/8/13,998
5500,2020/8/14,132
5501,2020/8/17,946
5502,2020/8/18,858
5503,2020/8/19,884
5504,2020/8/20,611
5505,2020/8/21,529
5506,2020/8/24,317
5507,2020/8/25,226
5508,2020/8/26,687
5509,2020/8/27,267
5510,2020/8/28,930
5511,2020/8/31,443
5512,2020/9/1,838
5513,2020/9/2,995
5514,2020/9/3,716
5515,2020/9/4,445
5516,2020/9/7,793
5517,2020/9/8,948
5518,2020/9/9,461
5519,2020/9/10,899
5520,2020/9/11,195
5541,2020/10/12,979
5542,2020/10/13,300
5543,2020/10/14,424
5544,2020/10/15,650
5545,2020/10/16,680
5546,2020/10/19,829
5547,2020/10/20,963
5548,2020/10/21,777
5549,2020/10/22,118
5550,2020/10/23,846
5551,2020/10/26,937
5552,2020/10/27,129
5553,2020/10/28,862
5554,2020/10/29,481
5555,2020/10/30,458
5556,2020/11/2,761
5557,2020/11/3,210
5558,2020/11/4,322
5559,2020/11/5,993
5560,2020/11/6,415
5581,2020/12/7,314
5582,2020/12/8,898
5583,2020/12/9,693
5584,2020/12/10,823
5585,2020/12/11,831
5586,2020/12/14,688
5587,2020/12/15,377
5588,2020/12/16,364
5589,2020/12/17,711
5590,2020/12/18,17
5591,2020/12/21,421
5592,2020/12/22,689
5593,2020/12/23,485
5594,2020/12/24,316
5595,2020/12/25,588
5596,2020/12/28,925
5597,2020/12/29,439
5598,2020/12/30,13
5599,2021/1/4,489
5600,2021/1/5,715
5601,2021/1/6,325
5602,2021/1/7,762
5603,2021/1/8,229
5604,2021/1/11,51
5605,2021/1/12,197
5606,2021/1/13,517
5607,2021/1/14,53
5608,2021/1/15,740
5609,2021/1/18,240
5610,2021/1/19,355
5611,2021/1/20,294
5612,2021/1/21,923
5613,2021/1/22,635
5614,2021/1/25,196
5615,2021/1/26,240
5616,2021/1/27,602
5617,2021/1/28,951
5618,2021/1/29,698
5877,2022/1/31,125
5876,2022/1/28,355
5875,2022/1/27,995
5874,2022/1/26,988
5873,2022/1/25,607
5872,2022/1/24,207
5871,2022/1/21,597
5870,2022/1/20,739
5869,2022/1/19,330
5868,2022/1/18,118
5867,2022/1/17,529
5866,2022/1/14,946
5865,2022/1/13,387
5864,2022/1/12,372
5863,2022/1/11,906
5862,2022/1/10,758
5861,2022/1/7,698
5860,2022/1/6,201
5859,2022/1/5,917
5858,2022/1/4,394
5857,2021/12/30,131
5856,2021/12/29,737
5855,2021/12/28,553
5854,2021/12/27,692
5853,2021/12/24,69
5852,2021/12/23,486
5851,2021/12/22,365
5850,2021/12/21,858
5849,2021/12/20,245
5848,2021/12/17,50
5847,2021/12/16,74
5846,2021/12/15,728
5845,2021/12/14,702
5844,2021/12/13,418
5843,2021/12/10,540
5842,2021/12/9,398
5841,2021/12/8,570
5840,2021/12/7,871
5839,2021/12/6,75
5838,2021/12/3,856
5837,2021/12/2,398
5836,2021/12/1,126
5835,2021/11/30,840
5834,2021/11/29,935
5833,2021/11/26,931
5832,2021/11/25,357
5831,2021/11/24,448
5830,2021/11/23,549
5829,2021/11/22,363
5828,2021/11/19,571
5827,2021/11/18,802
5826,2021/11/17,967
5825,2021/11/16,313
5824,2021/11/15,245
5823,2021/11/12,635
5822,2021/11/11,748
5821,2021/11/10,905
5820,2021/11/9,24
5819,2021/11/8,576
5818,2021/11/5,169
5817,2021/11/4,63
5816,2021/11/3,188
5815,2021/11/2,265
5814,2021/11/1,42
5813,2021/10/29,236
5812,2021/10/28,187
5811,2021/10/27,488
5810,2021/10/26,495
5809,2021/10/25,970
5808,2021/10/22,426
5807,2021/10/21,722
5806,2021/10/20,353
5805,2021/10/19,491
5804,2021/10/18,527
5803,2021/10/15,968
5802,2021/10/14,19
5801,2021/10/13,642
5800,2021/10/12,461
5799,2021/10/11,473
5798,2021/10/8,71
5797,2021/10/7,716
5796,2021/10/6,649
5795,2021/10/5,33
5794,2021/10/4,876
5793,2021/10/1,910
5792,2021/9/30,606
5791,2021/9/29,610
5790,2021/9/28,226
5789,2021/9/27,275
5788,2021/9/24,262
5787,2021/9/23,975
5786,2021/9/22,708
5785,2021/9/21,114
5784,2021/9/20,723
5783,2021/9/17,714
5782,2021/9/16,662
5781,2021/9/15,32
5780,2021/9/14,468
5779,2021/9/13,40
5778,2021/9/10,931
5777,2021/9/9,916
5776,2021/9/8,547
5775,2021/9/7,59
5774,2021/9/6,595
5773,2021/9/3,99
5772,2021/9/2,933
5771,2021/9/1,502
,,
,,
5726,2021/6/30,389
5725,2021/6/29,736
5724,2021/6/28,479
5723,2021/6/25,93
5722,2021/6/24,153
5721,2021/6/23,836
5720,2021/6/22,400
5719,2021/6/21,367
5718,2021/6/18,752
5717,2021/6/17,89
5716,2021/6/16,553
5715,2021/6/15,108
5714,2021/6/14,901
5713,2021/6/11,695
5712,2021/6/10,746
5711,2021/6/9,736
5710,2021/6/8,841
5709,2021/6/7,118
5708,2021/6/4,227
5707,2021/6/3,633
5706,2021/6/2,948
5705,2021/6/1,117
5704,2021/5/31,493
5703,2021/5/28,282
5702,2021/5/27,635
5701,2021/5/26,576
5700,2021/5/25,369
5699,2021/5/24,52
5698,2021/5/21,151
5697,2021/5/20,130
5696,2021/5/19,855
5695,2021/5/18,270
5694,2021/5/17,615
5693,2021/5/14,863
5692,2021/5/13,958
5691,2021/5/12,265
5690,2021/5/11,753
5689,2021/5/10,860
5688,2021/5/7,68
5687,2021/5/6,475
5686,2021/5/5,782
5685,2021/5/4,465
5684,2021/5/3,971
,,
5661,2021/3/31,985
5660,2021/3/30,526
5659,2021/3/29,574
5658,2021/3/26,20
5657,2021/3/25,548
5656,2021/3/24,876
5655,2021/3/23,369
5654,2021/3/22,48
5653,2021/3/19,989
5652,2021/3/18,347
5651,2021/3/17,881
5650,2021/3/16,642
5649,2021/3/15,351
5648,2021/3/12,759
5647,2021/3/11,767
5646,2021/3/10,566
5645,2021/3/9,807
5644,2021/3/8,97
5643,2021/3/5,831
5642,2021/3/4,931
5641,2021/3/3,291
5640,2021/3/2,934
5639,2021/3/1,246
5638,2021/2/26,298
5637,2021/2/25,997
5636,2021/2/24,385
5635,2021/2/23,862
5634,2021/2/22,179
5633,2021/2/19,154
5632,2021/2/18,912
5631,2021/2/17,3
5630,2021/2/16,785
5629,2021/2/15,744
5628,2021/2/12,0
5627,2021/2/11,641
5626,2021/2/10,843
5625,2021/2/9,486
5624,2021/2/8,357
5623,2021/2/5,281
5622,2021/2/4,704
5621,2021/2/3,398
5620,2021/2/2,509
5619,2021/2/1,514
5887,2022/2/14,973
5886,2022/2/11,888
5885,2022/2/10,577
5884,2022/2/9,8
5883,2022/2/8,355
5882,2022/2/7,138
5881,2022/2/4,94
5880,2022/2/3,839
5879,2022/2/2,160
5878,2022/2/1,372